Koinly,,,,,,status,Etherscan,,,,,
From coin,From amount,To coin,To amount,Date,tx hash,,From coin,From amount,To coin,To amount,Date,tx hash
USDC,31356.779802,USDT,31383.338735,2025-12-29T13:59:23.000Z,0x2527a3fb11b3a276c162f729c91588c134fa399582e53f06dea68b824c2995c3,matched,USDC,31356.779802,USDT,31383.338735,2025-12-29T20:59:23.000Z,0x2527a3fb11b3a276c162f729c91588c134fa399582e53f06dea68b824c2995c3
USDC,7008.001799,USN,7004.5866929613,2025-12-26T13:54:23.000Z,0x18f5918e8df81fe4c489d47df6af4c0410b6528e5200a1b2cb957ef8d0030273,matched,USDC,7008.001799,USN,7004.58669296,2025-12-26T20:54:23.000Z,0x18f5918e8df81fe4c489d47df6af4c0410b6528e5200a1b2cb957ef8d0030273
USDC,3000.0,USN,2999.0721918595,2025-12-26T13:32:35.000Z,0xf437ef6883cd041e3781b2fa659cf9eab009bea31aa04a256f8677e025dc43e5,matched,USDC,3000.0,USN,2999.07219186,2025-12-26T20:32:35.000Z,0xf437ef6883cd041e3781b2fa659cf9eab009bea31aa04a256f8677e025dc43e5
USDC,5000.0,USN,4999.1551048923,2025-12-26T13:26:23.000Z,0xbdc877c5c8a4aec1c4bb0e90fdfc518342ca3f1e30c7fa9fa6972b6fd9186dd7,matched,USDC,5000.0,USN,4999.15510489,2025-12-26T20:26:23.000Z,0xbdc877c5c8a4aec1c4bb0e90fdfc518342ca3f1e30c7fa9fa6972b6fd9186dd7
USDC,5000.0,USN,5000.0368398661,2025-12-26T13:23:59.000Z,0x144fd5bfdbb165da5d265f5822b4ef3a333b7a2ee5363fd8fe0fca5b28647733,matched,USDC,5000.0,USN,5000.03683987,2025-12-26T20:23:59.000Z,0x144fd5bfdbb165da5d265f5822b4ef3a333b7a2ee5363fd8fe0fca5b28647733
USDC,37004.198771,SYRUPUSDC,32357.426999,2025-12-26T08:27:47.000Z,0xc75bf96295013cb7082fa92c7395a3037288c61de131b296ea427f4bae7b2762,matched,USDC,37004.198771,SYRUPUSDC,32357.426999,2025-12-26T15:27:47.000Z,0xc75bf96295013cb7082fa92c7395a3037288c61de131b296ea427f4bae7b2762
USDC,20000.491612,SYRUPUSDC,17488.958069,2025-12-26T08:20:59.000Z,0x9885d4a321296cb32a833f3f6d1f6815f3d54adc55db75e9c5f6cf9a65d45fe0,matched,USDC,20000.491612,SYRUPUSDC,17488.958069,2025-12-26T15:20:59.000Z,0x9885d4a321296cb32a833f3f6d1f6815f3d54adc55db75e9c5f6cf9a65d45fe0
USDC,13698.299702,SYRUPUSDC,11984.650079,2025-12-22T12:06:59.000Z,0x97544ae6f6720dba6e255b1df4d550157431e52948cd7b4ec2b64b4071e24436,matched,USDC,13698.299702,SYRUPUSDC,11984.650079,2025-12-22T19:06:59.000Z,0x97544ae6f6720dba6e255b1df4d550157431e52948cd7b4ec2b64b4071e24436
REUSDE,2379.0,USDC,3141.674267,2025-12-22T04:53:59.000Z,0x0f20f6643b250ce476de9d3880a8abbe24a506a97cd99a8aba080a2724777d4f,matched,REUSDE,2379.0,USDC,3141.674267,2025-12-22T11:53:59.000Z,0x0f20f6643b250ce476de9d3880a8abbe24a506a97cd99a8aba080a2724777d4f
REUSDE,2379.0,USDC,3168.527413,2025-12-22T04:51:35.000Z,0xeb78e3c6316bd369c1baf83ed63946f8bf8c8c61ffbf890f4232dced25c74185,matched,REUSDE,2379.0,USDC,3168.527413,2025-12-22T11:51:35.000Z,0xeb78e3c6316bd369c1baf83ed63946f8bf8c8c61ffbf890f4232dced25c74185
GHO,60468.0911501191,USDC,60455.855896,2025-12-18T08:08:59.000Z,0x21afea782eeadecbb801f497aff954078514026b201c7b402c99c1359c856d75,matched,GHO,60468.09115012,USDC,60455.855896,2025-12-18T15:08:59.000Z,0x21afea782eeadecbb801f497aff954078514026b201c7b402c99c1359c856d75
FGHO,55441.5908754596,GHO,60468.0911501191,2025-12-18T08:04:23.000Z,0xf409e16e00abfa7906ee4a868bb25a5faf20d37530d36b58b6bb0caf8d195cfd,matched,FGHO,55441.59087546,GHO,60468.09115012,2025-12-18T15:04:23.000Z,0xf409e16e00abfa7906ee4a868bb25a5faf20d37530d36b58b6bb0caf8d195cfd
GHO,19950.0,AUSD,19942.307123,2025-12-18T07:50:59.000Z,0xb9ab91dbe5821b8dfc5f9fd55d966fa83ced041b223fa737ee6c300350c3eaaf,matched,GHO,19950.0,AUSD,19942.307123,2025-12-18T14:50:59.000Z,0xb9ab91dbe5821b8dfc5f9fd55d966fa83ced041b223fa737ee6c300350c3eaaf
GHO,19950.0,AUSD,19943.397038,2025-12-18T07:50:23.000Z,0x6fec563f69dc0c3dfb218cf451c6bd97a336fcf55b5c7fa244fc360eb1a887e2,matched,GHO,19950.0,AUSD,19943.397038,2025-12-18T14:50:23.000Z,0x6fec563f69dc0c3dfb218cf451c6bd97a336fcf55b5c7fa244fc360eb1a887e2
GHO,100.0,AUSD,99.971675,2025-12-18T07:41:59.000Z,0xcaed09c83cdc69e7e4c94c2f10c886079e79838fa3fcc6df82c77d05f2af07fd,matched,GHO,100.0,AUSD,99.971675,2025-12-18T14:41:59.000Z,0xcaed09c83cdc69e7e4c94c2f10c886079e79838fa3fcc6df82c77d05f2af07fd
FGHO,92116.6225592482,GHO,100465.3290008753,2025-12-18T01:28:11.000Z,0x9e29e01f71fae66ec7c6d65242e0244cb96eb322a1e04dfe232fe6ceb32e52b8,matched,FGHO,92116.62255925,GHO,100465.32900088,2025-12-18T08:28:11.000Z,0x9e29e01f71fae66ec7c6d65242e0244cb96eb322a1e04dfe232fe6ceb32e52b8
USDC,999.810481,ETH,0.3395816055,2025-12-17T08:16:35.000Z,0xe9ad1c5d61945891fa3f632f0a66b831500b17d1a4e5748075325f6afa89fc23,matched,USDC,999.810481,ETH,0.33958161,2025-12-17T15:16:35.000Z,0xe9ad1c5d61945891fa3f632f0a66b831500b17d1a4e5748075325f6afa89fc23
USDC,99.980031,ETH,0.0339748564,2025-12-17T08:10:11.000Z,0xf86a20b2fbfaeafd8cc5eeabe67e497493026d6b67b0f00bd594ddcfd5e82ab1,matched,USDC,99.980031,ETH,0.03397486,2025-12-17T15:10:11.000Z,0xf86a20b2fbfaeafd8cc5eeabe67e497493026d6b67b0f00bd594ddcfd5e82ab1
USDT,17500.0,USDC,17498.653837,2025-12-17T02:38:35.000Z,0xd9c3667f9438a352b995e9aedf060d91befb5fad94af6f30f5b56163fa25fae9,matched,USDT,17500.0,USDC,17498.653837,2025-12-17T09:38:35.000Z,0xd9c3667f9438a352b995e9aedf060d91befb5fad94af6f30f5b56163fa25fae9
USDC,1000.150958,USDT,999.968333,2025-12-10T08:21:35.000Z,0xe65b3bb778f1b1fd17f2e9d1ed774e767252282973e1dce581cdcd6ae38b6770,matched,USDC,1000.150958,USDT,999.968333,2025-12-10T15:21:35.000Z,0xe65b3bb778f1b1fd17f2e9d1ed774e767252282973e1dce581cdcd6ae38b6770
USD3,865.511256,USDC,1000.150958,2025-12-10T08:20:11.000Z,0x87d76537b03fa1f83b1091780a6913b5ed23a4926132de21f0ae4c8e64b6c2ac,matched,USD3,865.511256,USDC,1000.150958,2025-12-10T15:20:11.000Z,0x87d76537b03fa1f83b1091780a6913b5ed23a4926132de21f0ae4c8e64b6c2ac
USDT,900.0,USDC,900.135847,2025-12-10T08:12:11.000Z,0x94630007569329c341c9a7023704382b57cf2c867e9e81166bc122a309366750,matched,USDT,900.0,USDC,900.135847,2025-12-10T15:12:11.000Z,0x94630007569329c341c9a7023704382b57cf2c867e9e81166bc122a309366750
USDT,100.0,USDC,100.015112,2025-12-10T08:08:35.000Z,0xac2378abe88dc6ce989c19b2a1464db14865ee85ded8d31fad9682d9ec246cc7,matched,USDT,100.0,USDC,100.015112,2025-12-10T15:08:35.000Z,0xac2378abe88dc6ce989c19b2a1464db14865ee85ded8d31fad9682d9ec246cc7
PAXG,6.7994206234,XAUT,6.812367,2025-12-02T16:26:35.000Z,0xfc9f1d515a353d28bad01717d148736af6fc6afb1552c4692871ae9328f9d3c7,matched,PAXG,6.79942062,XAUT,6.812367,2025-12-02T23:26:35.000Z,0xfc9f1d515a353d28bad01717d148736af6fc6afb1552c4692871ae9328f9d3c7
USDT,27500.000002,USDC,27504.676473,2025-12-02T16:09:47.000Z,0xa6a42373a20da9edf6b31e2c830e0410c1850c40259e4cc761cd05ce644539e0,matched,USDT,27500.000002,USDC,27504.676473,2025-12-02T23:09:47.000Z,0xa6a42373a20da9edf6b31e2c830e0410c1850c40259e4cc761cd05ce644539e0
USDT,25000.0,NUSD,24997.36625,2025-12-02T15:54:35.000Z,0x8e9d77edf60e3b335a4486534fc08d172dfba614a682b39a127bc3ac4ca802a1,matched,USDT,25000.0,NUSD,24997.36625,2025-12-02T22:54:35.000Z,0x8e9d77edf60e3b335a4486534fc08d172dfba614a682b39a127bc3ac4ca802a1
PAXG,25.0,XAUT,25.053682,2025-12-02T15:49:59.000Z,0x0969e13f284317d2f459ca270a783e774ff9f7d297120b799c72bf9cf2713c93,matched,PAXG,25.0,XAUT,25.053682,2025-12-02T22:49:59.000Z,0x0969e13f284317d2f459ca270a783e774ff9f7d297120b799c72bf9cf2713c93
PAXG,0.005,ETH,0.0070774124,2025-12-02T15:36:47.000Z,0xb94ef28866c95d49d6b8e27699ca94bb25cd790fdcde1cac0b696b0a43f8d41b,matched,PAXG,0.005,ETH,0.00707741,2025-12-02T22:36:47.000Z,0xb94ef28866c95d49d6b8e27699ca94bb25cd790fdcde1cac0b696b0a43f8d41b
USDC,24998.4662,SYRUPUSDC,21938.976774,2025-12-01T03:58:59.000Z,0x231e1ec8586ffd96f98c4e4d2ddfbc2ddd724ea93e0007663cc878392df588de,matched,USDC,24998.4662,SYRUPUSDC,21938.976774,2025-12-01T10:58:59.000Z,0x231e1ec8586ffd96f98c4e4d2ddfbc2ddd724ea93e0007663cc878392df588de
USDC,1.0,SYRUPUSDC,0.877613,2025-12-01T03:57:23.000Z,0xfca6ba9d8a668ea1e477b5df304cad8c98d827e4047950f97a9273f67c31efb0,matched,USDC,1.0,SYRUPUSDC,0.877613,2025-12-01T10:57:23.000Z,0xfca6ba9d8a668ea1e477b5df304cad8c98d827e4047950f97a9273f67c31efb0
USDT,81402.924005,PAXG,19.5120996124,2025-11-26T09:10:35.000Z,0x63f6cf27fc8e001cd3588dc96ac90f79b59392a8377c3d85b3fcf748ae74cd41,matched,USDT,81402.924005,PAXG,19.51209961,2025-11-26T16:10:35.000Z,0x63f6cf27fc8e001cd3588dc96ac90f79b59392a8377c3d85b3fcf748ae74cd41
USDC,19999.999134,NBASIS,19205.579541,2025-11-25T08:38:23.000Z,0xa896c9c1e6bb1dfbd498db1e54389c0abb8227d71021902630872c5b86057cb8,matched,USDC,19999.999134,NBASIS,19205.579541,2025-11-25T15:38:23.000Z,0xa896c9c1e6bb1dfbd498db1e54389c0abb8227d71021902630872c5b86057cb8
USDT,20002.166868,USDC,19999.999134,2025-11-25T08:36:47.000Z,0x29f0186753ebfe607280c82ec1babb2f72a55ab87e1d9c60ffb1ace494c81438,matched,USDT,20002.166868,USDC,19999.999134,2025-11-25T15:36:47.000Z,0x29f0186753ebfe607280c82ec1babb2f72a55ab87e1d9c60ffb1ace494c81438
USDT,20000.0,SYRUPUSDT,18106.683008,2025-11-25T04:40:47.000Z,0x09d017ce9a3975aa7ee94fb6ece3e5abb85113872ed79565e902d916000d847c,matched,USDT,20000.0,SYRUPUSDT,18106.683008,2025-11-25T11:40:47.000Z,0x09d017ce9a3975aa7ee94fb6ece3e5abb85113872ed79565e902d916000d847c
USDT,20.0,ETH,0.0068488224,2025-11-25T04:13:11.000Z,0x295c366570f3ca24bb7748de2fdb8ad6e002ff5ee3ac2d9dae58506c2843c61f,matched,USDT,20.0,ETH,0.00684882,2025-11-25T11:13:11.000Z,0x295c366570f3ca24bb7748de2fdb8ad6e002ff5ee3ac2d9dae58506c2843c61f
FUSDC,108892.609312,USDC,128048.052397,2025-11-22T09:00:35.000Z,0xca2a771373ea4bb994db26c2111d48c6b456e52c2daed2f10e591a74a16dabf3,matched,FUSDC,108892.609312,USDC,128048.052397,2025-11-22T16:00:35.000Z,0xca2a771373ea4bb994db26c2111d48c6b456e52c2daed2f10e591a74a16dabf3
AETHUSDC,120064.917404,USDC,120092.844912,2025-11-22T08:50:23.000Z,0xd9e7bcce6670350486b3eb07a496a86df6a483d13e05ee2900610f4fc5730735,matched,AETHUSDC,120064.917404,USDC,120092.844912,2025-11-22T15:50:23.000Z,0xd9e7bcce6670350486b3eb07a496a86df6a483d13e05ee2900610f4fc5730735
USDE,265.2734490477,USDC,264.938641,2025-11-22T03:31:35.000Z,0x44bfb5e25e5aeb563abdbc22f07d1b6e6d4e4b7f8f0ab09fdd8a253d68788aa0,matched,USDE,265.27344905,USDC,264.938641,2025-11-22T10:31:35.000Z,0x44bfb5e25e5aeb563abdbc22f07d1b6e6d4e4b7f8f0ab09fdd8a253d68788aa0
NBASIS,16951.71436,USDC,17652.905072,2025-11-21T21:31:35.000Z,0x52c08abbab3cfe71142c7066251530bcf3574412cb306371c444181059e0321d,matched,NBASIS,16951.71436,USDC,17652.905072,2025-11-22T04:31:35.000Z,0x52c08abbab3cfe71142c7066251530bcf3574412cb306371c444181059e0321d
AETHUSDC,19999.694318,USDC,20000.0,2025-11-20T04:08:11.000Z,0x0fd31c097bc8dabec9cb0a7a95d023b64391bb4d5a7b83861a574efa61f692a3,matched,AETHUSDC,19999.694318,USDC,20000.0,2025-11-20T11:08:11.000Z,0x0fd31c097bc8dabec9cb0a7a95d023b64391bb4d5a7b83861a574efa61f692a3
AETHUSDC,39985.80551,USDC,40000.0,2025-11-20T03:39:59.000Z,0x057b7679e03786a186a8e179a274cef349529ca212cb5824e3bf479e8cce2ae0,matched,AETHUSDC,39985.80551,USDC,40000.0,2025-11-20T10:39:59.000Z,0x057b7679e03786a186a8e179a274cef349529ca212cb5824e3bf479e8cce2ae0
AETHUSDT,81249.414363,USDT,81253.480574,2025-11-20T01:18:11.000Z,0xf8bda4eb7ed370b0c05762ece97c50bc8ed8351442dbadbeaee762bdaefdbf2f,matched,AETHUSDT,81249.414363,USDT,81253.480574,2025-11-20T08:18:11.000Z,0xf8bda4eb7ed370b0c05762ece97c50bc8ed8351442dbadbeaee762bdaefdbf2f
AETHUSDT,19994.941985,USDT,20000.0,2025-11-19T12:46:59.000Z,0x1a01b29228b63cbca9923e88a6a8ee7107fdd11f8209384d846ad0f9db686d97,matched,AETHUSDT,19994.941985,USDT,20000.0,2025-11-19T19:46:59.000Z,0x1a01b29228b63cbca9923e88a6a8ee7107fdd11f8209384d846ad0f9db686d97
USDC,5.0,USDE,5.0052652362,2025-11-19T10:56:35.000Z,0xa308126cc6e4696e2ffa28e1f1fd1547f943dc190416324e6bda1a707b83ed61,matched,USDC,5.0,USDE,5.00526524,2025-11-19T17:56:35.000Z,0xa308126cc6e4696e2ffa28e1f1fd1547f943dc190416324e6bda1a707b83ed61
AETHUSDC,4.104303,USDC,5.0,2025-11-19T10:55:59.000Z,0xcffa02e662cfe31bc466a36ad05c01d92901eab3f421d6dd72df9156bb86732e,matched,AETHUSDC,4.104303,USDC,5.0,2025-11-19T17:55:59.000Z,0xcffa02e662cfe31bc466a36ad05c01d92901eab3f421d6dd72df9156bb86732e
USDC,255.0,USDE,255.2630102976,2025-11-19T09:53:23.000Z,0xd3f47fb17f1c912f64350a10cbe816baa4179e67510eabaff2941802511db6b4,matched,USDC,255.0,USDE,255.2630103,2025-11-19T16:53:23.000Z,0xd3f47fb17f1c912f64350a10cbe816baa4179e67510eabaff2941802511db6b4
AETHUSDC,254.943196,USDC,255.0,2025-11-19T09:52:47.000Z,0xc903cb365aa9851ec030735bf91c6b1cfa6d4ef12c34c8996a110cfa4c85079c,matched,AETHUSDC,254.943196,USDC,255.0,2025-11-19T16:52:47.000Z,0xc903cb365aa9851ec030735bf91c6b1cfa6d4ef12c34c8996a110cfa4c85079c
USDC,5.0,USDE,5.0051735139,2025-11-19T09:50:59.000Z,0x43dbcf2fded088a75508b17ffa233ffd744661de153829f7e1da873641b600ed,matched,USDC,5.0,USDE,5.00517351,2025-11-19T16:50:59.000Z,0x43dbcf2fded088a75508b17ffa233ffd744661de153829f7e1da873641b600ed
AETHUSDC,8999.876899,USDC,9000.0,2025-11-19T05:09:11.000Z,0xd41144181fc0778e7c7a5923a4d529eba168aae19efe6f1ea3151e0f6ea8f4f4,matched,AETHUSDC,8999.876899,USDC,9000.0,2025-11-19T12:09:11.000Z,0xd41144181fc0778e7c7a5923a4d529eba168aae19efe6f1ea3151e0f6ea8f4f4
AETHUSDC,983.161289,USDC,1000.0,2025-11-19T05:00:59.000Z,0x51b9420033b14b8c17d0971301237cbf034f8ee555e8a8250d4f9cdfa58eec1a,matched,AETHUSDC,983.161289,USDC,1000.0,2025-11-19T12:00:59.000Z,0x51b9420033b14b8c17d0971301237cbf034f8ee555e8a8250d4f9cdfa58eec1a
AETHUSDT,79981.25311,USDT,80000.0,2025-11-19T00:26:23.000Z,0xb9f78986433c5c517aa37a937660876f410c551d92940cadab55e5f4a3588595,matched,AETHUSDT,79981.25311,USDT,80000.0,2025-11-19T07:26:23.000Z,0xb9f78986433c5c517aa37a937660876f410c551d92940cadab55e5f4a3588595
AETHUSDC,19995.150828,USDC,20000.0,2025-11-18T10:52:47.000Z,0xb9f3783616faf37d5b2f32a72c9010e6002ef3d1856e1d01a436f06e227fcbbd,matched,AETHUSDC,19995.150828,USDC,20000.0,2025-11-18T17:52:47.000Z,0xb9f3783616faf37d5b2f32a72c9010e6002ef3d1856e1d01a436f06e227fcbbd
AETHUSDC,49999.307443,USDC,50000.0,2025-11-18T06:11:47.000Z,0xa2444bdab8d23dddb67838689f257c9a87cf635d85a6d1b42b75eaf06f1a52dd,matched,AETHUSDC,49999.307443,USDC,50000.0,2025-11-18T13:11:47.000Z,0xa2444bdab8d23dddb67838689f257c9a87cf635d85a6d1b42b75eaf06f1a52dd
AETHUSDC,49993.793652,USDC,50000.0,2025-11-18T05:39:23.000Z,0x5cbeabeee5c0abfbd2e20eac075cf5737d623ce43ab00365163a44a614fbb813,matched,AETHUSDC,49993.793652,USDC,50000.0,2025-11-18T12:39:23.000Z,0x5cbeabeee5c0abfbd2e20eac075cf5737d623ce43ab00365163a44a614fbb813
USDC,120612.941446,AETHUSDC,120634.089581,2025-11-18T01:37:23.000Z,0x9531ab6959387ce36610583944ca46d4cd7c6d4630e63d364d2f0f6cc10ff999,matched,USDC,120612.941446,AETHUSDC,120634.089581,2025-11-18T08:37:23.000Z,0x9531ab6959387ce36610583944ca46d4cd7c6d4630e63d364d2f0f6cc10ff999
USDT,181225.609459,AETHUSDT,181225.609458,2025-11-18T01:36:11.000Z,0x2eca0637825cb54b5158dc956699b75d9cc56d14ff721b6eb5f0aca7c0e57b1f,matched,USDT,181225.609459,AETHUSDT,181225.609458,2025-11-18T08:36:11.000Z,0x2eca0637825cb54b5158dc956699b75d9cc56d14ff721b6eb5f0aca7c0e57b1f
PAXG,15.0,USDC,60303.804188,2025-11-18T01:34:47.000Z,0x1025c9b943451a8c2714ba3acc53de3e11a662f738a6bdf25c5e9d70b60acced,matched,PAXG,15.0,USDC,60303.804188,2025-11-18T08:34:47.000Z,0x1025c9b943451a8c2714ba3acc53de3e11a662f738a6bdf25c5e9d70b60acced
PAXG,15.0,USDC,60309.137258,2025-11-18T01:33:35.000Z,0xa1356d316b004de8fd0c637e5e0f826486d1508b4254cde7473f7f8210ca5708,matched,PAXG,15.0,USDC,60309.137258,2025-11-18T08:33:35.000Z,0xa1356d316b004de8fd0c637e5e0f826486d1508b4254cde7473f7f8210ca5708
PAXG,15.0,USDT,60379.908733,2025-11-18T01:31:35.000Z,0x88e1674baaf4165e2ff4866ee7c2e6951afc14f0ea7e8fd6dab059bf054d9f99,matched,PAXG,15.0,USDT,60379.908733,2025-11-18T08:31:35.000Z,0x88e1674baaf4165e2ff4866ee7c2e6951afc14f0ea7e8fd6dab059bf054d9f99
PAXG,15.0,USDT,60409.09493,2025-11-18T01:28:59.000Z,0xe74ba087547497716bda27cdf45178124c7a2b790fd08c4b3b5bbbb9ea05d555,matched,PAXG,15.0,USDT,60409.09493,2025-11-18T08:28:59.000Z,0xe74ba087547497716bda27cdf45178124c7a2b790fd08c4b3b5bbbb9ea05d555
PAXG,15.0,USDT,60436.605796,2025-11-18T01:26:35.000Z,0x703823b55a798f7e74231c5cbd724ef54d4fc0b0e36d1e603f76c9fb5c14a42b,matched,PAXG,15.0,USDT,60436.605796,2025-11-18T08:26:35.000Z,0x703823b55a798f7e74231c5cbd724ef54d4fc0b0e36d1e603f76c9fb5c14a42b
AETHUSDC,19986.164522,USDC,20000.0,2025-11-17T03:09:47.000Z,0xb894f8d1369defabd9409f25fe44be7c88b8db26e0a4047e90674d855a332cb6,matched,AETHUSDC,19986.164522,USDC,20000.0,2025-11-17T10:09:47.000Z,0xb894f8d1369defabd9409f25fe44be7c88b8db26e0a4047e90674d855a332cb6
NBASIS,0.914029,USDC,0.955124,2025-11-16T13:39:11.000Z,0xba3bf1d29bfe19145c8534dfd5f85c436329f62765d0e9c877bef26ee756fb3f,matched,NBASIS,0.914029,USDC,0.955124,2025-11-16T20:39:11.000Z,0xba3bf1d29bfe19145c8534dfd5f85c436329f62765d0e9c877bef26ee756fb3f
AETHUSDC,24988.435138,USDC,25000.0,2025-11-16T13:20:23.000Z,0x77a3155a86921e8be04d60f78bb625885c4b66fb68ebce995546b41d37d9201a,matched,AETHUSDC,24988.435138,USDC,25000.0,2025-11-16T20:20:23.000Z,0x77a3155a86921e8be04d60f78bb625885c4b66fb68ebce995546b41d37d9201a
AETHUSDC,14973.371764,USDC,15000.0,2025-11-16T03:01:23.000Z,0x2ec404b859e46534a300ba55b30a981f0549896479ee41a51d084f126d074600,matched,AETHUSDC,14973.371764,USDC,15000.0,2025-11-16T10:01:23.000Z,0x2ec404b859e46534a300ba55b30a981f0549896479ee41a51d084f126d074600
AETHUSDC,29998.867071,USDC,30000.0,2025-11-15T04:49:35.000Z,0x05ad3c97aafe65b1e7e6eb96a9290446407fdcbaa91af4a1d376dff92ac879e2,matched,AETHUSDC,29998.867071,USDC,30000.0,2025-11-15T11:49:35.000Z,0x05ad3c97aafe65b1e7e6eb96a9290446407fdcbaa91af4a1d376dff92ac879e2
USDC,170287.625204,AETHUSDC,170301.812616,2025-11-15T03:59:23.000Z,0x03a04fa5a4090728fbc57302bf899025ff96b46e6559a7a46802001304d8846c,matched,USDC,170287.625204,AETHUSDC,170301.812616,2025-11-15T10:59:23.000Z,0x03a04fa5a4090728fbc57302bf899025ff96b46e6559a7a46802001304d8846c
USDC,20999.4032,AETHUSDC,20999.614889,2025-11-14T01:20:11.000Z,0x1f8e96fb75759ea257554f71d6e9ab0a860538f8c55dff8e6d619200f43ed498,matched,USDC,20999.4032,AETHUSDC,20999.614889,2025-11-14T08:20:11.000Z,0x1f8e96fb75759ea257554f71d6e9ab0a860538f8c55dff8e6d619200f43ed498
AETHUSDC,20990.362512,USDC,21000.0,2025-11-14T00:51:11.000Z,0xd2301a2033a229a0a50bec6c64a015a4d8494e96d80218e96d8c54c23763cf21,matched,AETHUSDC,20990.362512,USDC,21000.0,2025-11-14T07:51:11.000Z,0xd2301a2033a229a0a50bec6c64a015a4d8494e96d80218e96d8c54c23763cf21
AETHUSDC,19997.864323,USDC,20000.0,2025-11-13T06:51:11.000Z,0x445dd7356805bddd8d7c0d63b46333c779b3ff964ab25fb0f042fe2a9799f5d4,matched,AETHUSDC,19997.864323,USDC,20000.0,2025-11-13T13:51:11.000Z,0x445dd7356805bddd8d7c0d63b46333c779b3ff964ab25fb0f042fe2a9799f5d4
AETHUSDC,19989.77026,USDC,20000.0,2025-11-13T03:29:35.000Z,0xb8358dfd8249a177ac887c514a35bc3060347c806bdc3caccb307bde7c997468,matched,AETHUSDC,19989.77026,USDC,20000.0,2025-11-13T10:29:35.000Z,0xb8358dfd8249a177ac887c514a35bc3060347c806bdc3caccb307bde7c997468
USDC,20000.0,USDE,20012.5288059839,2025-11-12T14:01:11.000Z,0x55f27eb50ea1c3c9815a017505b2d83622ca2a0c45a4f47122cf281ee266972a,matched,USDC,20000.0,USDE,20012.52880598,2025-11-12T21:01:11.000Z,0x55f27eb50ea1c3c9815a017505b2d83622ca2a0c45a4f47122cf281ee266972a
AETHUSDC,19999.756682,USDC,20000.0,2025-11-12T13:59:59.000Z,0xc8d71f74f6cf3bc6a37b22ec7f3c1925343287d9704d9a6c4efe6638e9f708e4,matched,AETHUSDC,19999.756682,USDC,20000.0,2025-11-12T20:59:59.000Z,0xc8d71f74f6cf3bc6a37b22ec7f3c1925343287d9704d9a6c4efe6638e9f708e4
USDC,20000.0,USDE,20013.0775157385,2025-11-12T13:48:47.000Z,0xe2e9d2d5dd9303173c9281933f15227c6a0e46e0ec292c8fd8840348db56d34a,matched,USDC,20000.0,USDE,20013.07751574,2025-11-12T20:48:47.000Z,0xe2e9d2d5dd9303173c9281933f15227c6a0e46e0ec292c8fd8840348db56d34a
AETHUSDC,19998.674481,USDC,20000.0,2025-11-12T13:42:59.000Z,0x85cc5e9f6d2a779869f8877526bed062cca7752696934187efe412061a0fc9bb,matched,AETHUSDC,19998.674481,USDC,20000.0,2025-11-12T20:42:59.000Z,0x85cc5e9f6d2a779869f8877526bed062cca7752696934187efe412061a0fc9bb
USDC,20003.698822,AETHUSDC,20004.344702,2025-11-12T12:20:11.000Z,0x18a4bf1b8c5ab6c2030c64d1beef03622d0a4dcb8237ede146904bb932a16d53,matched,USDC,20003.698822,AETHUSDC,20004.344702,2025-11-12T19:20:11.000Z,0x18a4bf1b8c5ab6c2030c64d1beef03622d0a4dcb8237ede146904bb932a16d53
AETHUSDC,19994.262624,USDC,20000.0,2025-11-12T11:35:11.000Z,0xebb10cc6bb8a627c9f83089b4f82cf0c7a7d055e5a63d64449f6e61f74225d63,matched,AETHUSDC,19994.262624,USDC,20000.0,2025-11-12T18:35:11.000Z,0xebb10cc6bb8a627c9f83089b4f82cf0c7a7d055e5a63d64449f6e61f74225d63
AETHUSDC,24997.539197,USDC,25000.0,2025-11-12T05:38:35.000Z,0x534d63c6350ec104b5a88857b85a8aa2388403792f62e5621c9ff15aedbe3d06,matched,AETHUSDC,24997.539197,USDC,25000.0,2025-11-12T12:38:35.000Z,0x534d63c6350ec104b5a88857b85a8aa2388403792f62e5621c9ff15aedbe3d06
USDC,1000.001287,AETHUSDC,1000.598709,2025-11-12T03:19:23.000Z,0x7db79212ee60ee6299b450d56e5017a2b357beecb70dccc13963b5253dadf1a7,matched,USDC,1000.001287,AETHUSDC,1000.598709,2025-11-12T10:19:23.000Z,0x7db79212ee60ee6299b450d56e5017a2b357beecb70dccc13963b5253dadf1a7
NUSD,999.97652,USDC,1000.001287,2025-11-12T03:18:35.000Z,0x9ef3356c15c34c581b2224d8e7ae1193e8ab4294ba5a708d8b36a19df8f8a7e1,matched,NUSD,999.97652,USDC,1000.001287,2025-11-12T10:18:35.000Z,0x9ef3356c15c34c581b2224d8e7ae1193e8ab4294ba5a708d8b36a19df8f8a7e1
USDC,16500.0,AETHUSDC,16500.096148,2025-11-12T02:44:59.000Z,0xb79410b304cb9c956d90b9f51a10d115e980b4fd70a696c9ba05bc62224a3d05,matched,USDC,16500.0,AETHUSDC,16500.096148,2025-11-12T09:44:59.000Z,0xb79410b304cb9c956d90b9f51a10d115e980b4fd70a696c9ba05bc62224a3d05
USDC,1000.0,NUSD,999.97652,2025-11-12T02:40:47.000Z,0xdbf13f7f28f48e21f3d04b105398a52636fd379c0249ecedc1f7c843636810e6,matched,USDC,1000.0,NUSD,999.97652,2025-11-12T09:40:47.000Z,0xdbf13f7f28f48e21f3d04b105398a52636fd379c0249ecedc1f7c843636810e6
AETHUSDC,17485.058937,USDC,17500.0,2025-11-12T02:38:59.000Z,0xe3194c4f1d623ed6dbc0d595206adddc2d3fa871794c283dae482de0cf5d4081,matched,AETHUSDC,17485.058937,USDC,17500.0,2025-11-12T09:38:59.000Z,0xe3194c4f1d623ed6dbc0d595206adddc2d3fa871794c283dae482de0cf5d4081
USDC,100000.0,AETHUSDC,100000.007643,2025-11-11T12:26:35.000Z,0x6aceb11b878b46597f8ce69c6081759a116bfcee8a26bbc7fea353ab5f631c89,matched,USDC,100000.0,AETHUSDC,100000.007643,2025-11-11T19:26:35.000Z,0x6aceb11b878b46597f8ce69c6081759a116bfcee8a26bbc7fea353ab5f631c89
AETHUSDC,99998.026366,USDC,100000.0,2025-11-11T12:25:47.000Z,0x668df689791c723ca8a31466af9f7b19dbe4bf95a70f6688d0f50e5faa569133,matched,AETHUSDC,99998.026366,USDC,100000.0,2025-11-11T19:25:47.000Z,0x668df689791c723ca8a31466af9f7b19dbe4bf95a70f6688d0f50e5faa569133
AETHUSDC,24994.444527,USDC,25000.0,2025-11-11T10:35:47.000Z,0x2ed5a60050e228ce5a8c01840359e9daf048afe4efa20e2cb94ce9d8e98ed361,matched,AETHUSDC,24994.444527,USDC,25000.0,2025-11-11T17:35:47.000Z,0x2ed5a60050e228ce5a8c01840359e9daf048afe4efa20e2cb94ce9d8e98ed361
AETHUSDC,19995.491602,USDC,20000.0,2025-11-11T06:00:11.000Z,0x1644624a87c025a0ca90bbf0c0ec3303f2908c332f9ddd42517aac5f11eabec2,matched,AETHUSDC,19995.491602,USDC,20000.0,2025-11-11T13:00:11.000Z,0x1644624a87c025a0ca90bbf0c0ec3303f2908c332f9ddd42517aac5f11eabec2
AETHUSDC,24999.660004,USDC,25000.0,2025-11-11T02:33:35.000Z,0xe9ca203b2873ddcc522172ceb734c6ac9442d319a0901dfa9b68fc069c2dba7e,matched,AETHUSDC,24999.660004,USDC,25000.0,2025-11-11T09:33:35.000Z,0xe9ca203b2873ddcc522172ceb734c6ac9442d319a0901dfa9b68fc069c2dba7e
USDC,25000.0,USDT,24973.565604,2025-11-11T02:21:35.000Z,0x00ceca036ef781bc5d08974cd1a512311338f4b95bf5ff6b9c75131191f0ae91,matched,USDC,25000.0,USDT,24973.565604,2025-11-11T09:21:35.000Z,0x00ceca036ef781bc5d08974cd1a512311338f4b95bf5ff6b9c75131191f0ae91
AETHUSDC,24999.760619,USDC,25000.0,2025-11-11T02:19:59.000Z,0x7f4d4d0e15ffe98fb7f0e0a6e3d8d9170199de7c878b2eb2b47475e1d0a410a7,matched,AETHUSDC,24999.760619,USDC,25000.0,2025-11-11T09:19:59.000Z,0x7f4d4d0e15ffe98fb7f0e0a6e3d8d9170199de7c878b2eb2b47475e1d0a410a7
AETHUSDC,24931.82867,USDC,25000.0,2025-11-11T02:11:11.000Z,0xbea5902d4d5f8d01c131ee0821512cec465bcf628407efde34d9931b798e2911,matched,AETHUSDC,24931.82867,USDC,25000.0,2025-11-11T09:11:11.000Z,0xbea5902d4d5f8d01c131ee0821512cec465bcf628407efde34d9931b798e2911
USDC,8000.0,IUSD,8000.0,2025-11-10T06:07:59.000Z,0xfbb4ea9e6f01b099584597e306f68e376fa627079da5a1d1621f46e9799f2e5b,matched,USDC,8000.0,IUSD,8000.0,2025-11-10T13:07:59.000Z,0xfbb4ea9e6f01b099584597e306f68e376fa627079da5a1d1621f46e9799f2e5b
USDC,10000.0,IUSD,10000.0,2025-11-10T06:03:23.000Z,0x83bd8c8b885930544990a94526fcea08979d53c50d97c1647a2c1c819e252a60,matched,USDC,10000.0,IUSD,10000.0,2025-11-10T13:03:23.000Z,0x83bd8c8b885930544990a94526fcea08979d53c50d97c1647a2c1c819e252a60
USDC,16500.0,IUSD,16500.0,2025-11-10T05:54:23.000Z,0x85b85daa25229748452bfe93f5ced3cd4a99d5b22c2e83896ba5ce86875fbfdb,matched,USDC,16500.0,IUSD,16500.0,2025-11-10T12:54:23.000Z,0x85b85daa25229748452bfe93f5ced3cd4a99d5b22c2e83896ba5ce86875fbfdb
USDC,17502.07254,NBASIS,16823.690853,2025-11-09T13:54:23.000Z,0xb139e61951680837dce529118453ea2d0821d534c8109176c85ac7fc9e27b59c,matched,USDC,17502.07254,NBASIS,16823.690853,2025-11-09T20:54:23.000Z,0xb139e61951680837dce529118453ea2d0821d534c8109176c85ac7fc9e27b59c
AETHUSDC,17485.621966,USDC,17500.0,2025-11-09T13:48:47.000Z,0xdbf2a7ed9f2cd6f6e54d92a6de1ad725f2882901a1b62920dd469fc5e6db9948,matched,AETHUSDC,17485.621966,USDC,17500.0,2025-11-09T20:48:47.000Z,0xdbf2a7ed9f2cd6f6e54d92a6de1ad725f2882901a1b62920dd469fc5e6db9948
MORPHO,1.1320574099,USDC,2.07254,2025-11-09T07:35:11.000Z,0x60015d417b1efe4f8d410472060cee6d6515c7663d4a6c4d059660976746033f,matched,MORPHO,1.13205741,USDC,2.07254,2025-11-09T14:35:11.000Z,0x60015d417b1efe4f8d410472060cee6d6515c7663d4a6c4d059660976746033f
USDC,20000.0,AETHUSDC,20000.981409,2025-11-09T07:04:35.000Z,0x27698e7fee5b786997807057759617277a7a49f324417bdbdc473106aa9ea43e,matched,USDC,20000.0,AETHUSDC,20000.981409,2025-11-09T14:04:35.000Z,0x27698e7fee5b786997807057759617277a7a49f324417bdbdc473106aa9ea43e
USDC,1000.0,CUSD,999.000009991,2025-11-09T06:39:59.000Z,0x2f1e25d0ceeb77e8599d848609b9bf6df7201bbb1869b0895e48cb3a05e82e54,matched,USDC,1000.0,CUSD,999.00000999,2025-11-09T13:39:59.000Z,0x2f1e25d0ceeb77e8599d848609b9bf6df7201bbb1869b0895e48cb3a05e82e54
AETHUSDC,49997.975121,USDC,50000.0,2025-11-09T06:36:11.000Z,0x04cde2c66678c1195dce140702e13af0311b37de2cee5caa070d2cb9d4aff654,matched,AETHUSDC,49997.975121,USDC,50000.0,2025-11-09T13:36:11.000Z,0x04cde2c66678c1195dce140702e13af0311b37de2cee5caa070d2cb9d4aff654
AETHUSDC,49997.413576,USDC,50000.0,2025-11-09T05:44:59.000Z,0xf772b317bcf9143540fe63910c4a95a3f33689d83d784bbe803e2c4b8fd9c5e0,matched,AETHUSDC,49997.413576,USDC,50000.0,2025-11-09T12:44:59.000Z,0xf772b317bcf9143540fe63910c4a95a3f33689d83d784bbe803e2c4b8fd9c5e0
AETHUSDC,49996.790216,USDC,50000.0,2025-11-09T04:46:59.000Z,0xe9b66c9ce66caa56d02234ceced9696e29cd9054ef0dc5b74c213b1467907fa2,matched,AETHUSDC,49996.790216,USDC,50000.0,2025-11-09T11:46:59.000Z,0xe9b66c9ce66caa56d02234ceced9696e29cd9054ef0dc5b74c213b1467907fa2
AETHUSDC,24999.924793,USDC,25000.0,2025-11-09T03:43:47.000Z,0xc715636246ee836aa4f58b7a3459e7fa3600046523763a4a538e56325db61661,matched,AETHUSDC,24999.924793,USDC,25000.0,2025-11-09T10:43:47.000Z,0xc715636246ee836aa4f58b7a3459e7fa3600046523763a4a538e56325db61661
AETHUSDC,24999.322609,USDC,25000.0,2025-11-09T03:42:23.000Z,0x7e29751209bbb9ee3c47a9539fed939f657b8414186b14579b2899ac8f247f3e,matched,AETHUSDC,24999.322609,USDC,25000.0,2025-11-09T10:42:23.000Z,0x7e29751209bbb9ee3c47a9539fed939f657b8414186b14579b2899ac8f247f3e
USDC,42693.953866,AETHUSDC,42696.174109,2025-11-09T03:30:23.000Z,0x67281d906e7058e1da22e9284881b7d51480f1842ca0a0b4d91b4f85a2acefb3,matched,USDC,42693.953866,AETHUSDC,42696.174109,2025-11-09T10:30:23.000Z,0x67281d906e7058e1da22e9284881b7d51480f1842ca0a0b4d91b4f85a2acefb3
AETHUSDC,49931.854005,USDC,50000.0,2025-11-09T02:47:59.000Z,0x13c25d951cf6b089d5316b8167d7d23bf5e756d4742d467b0a1105194da48e0a,matched,AETHUSDC,49931.854005,USDC,50000.0,2025-11-09T09:47:59.000Z,0x13c25d951cf6b089d5316b8167d7d23bf5e756d4742d467b0a1105194da48e0a
AETHUSDT,32498.519885,USDT,32498.55626,2025-11-09T02:23:59.000Z,0x49b79c72664332daa2387977d45396fc06f613d3c2e03a87086d5731aa5d9bb5,matched,AETHUSDT,32498.519885,USDT,32498.55626,2025-11-09T09:23:59.000Z,0x49b79c72664332daa2387977d45396fc06f613d3c2e03a87086d5731aa5d9bb5
AETHUSDT,4970.882596,USDT,5000.0,2025-11-09T02:11:23.000Z,0x1c4c4215a0d59dcdbc202ec529712d0db8e071c2b40415dd9b0a9b30b1cafcf2,matched,AETHUSDT,4970.882596,USDT,5000.0,2025-11-09T09:11:23.000Z,0x1c4c4215a0d59dcdbc202ec529712d0db8e071c2b40415dd9b0a9b30b1cafcf2
USDC,20000.0,IUSD,20000.0,2025-11-08T09:32:59.000Z,0x7e21a028ba85cab1ae899bc5543cd96684b015aef8503da1e4bf03d9b28eaef5,matched,USDC,20000.0,IUSD,20000.0,2025-11-08T16:32:59.000Z,0x7e21a028ba85cab1ae899bc5543cd96684b015aef8503da1e4bf03d9b28eaef5
AETHUSDC,19972.567319,USDC,20000.0,2025-11-08T09:10:35.000Z,0x9b199d4feab9823dcede8bfa7cd6053aa9322fd319b2f5d26c1d313195a9b670,matched,AETHUSDC,19972.567319,USDC,20000.0,2025-11-08T16:10:35.000Z,0x9b199d4feab9823dcede8bfa7cd6053aa9322fd319b2f5d26c1d313195a9b670
AETHUSDC,50232.876014,USDC,50233.0,2025-11-08T02:36:35.000Z,0xb5bb35da6c32ed0b9bdaa41508d2303cfcbba7e484921cccd9208732dc80b62f,matched,AETHUSDC,50232.876014,USDC,50233.0,2025-11-08T09:36:35.000Z,0xb5bb35da6c32ed0b9bdaa41508d2303cfcbba7e484921cccd9208732dc80b62f
USDC,50233.500939,AETHUSDC,50359.929958,2025-11-08T02:34:59.000Z,0x2fdd47ef90f9fcfa3bc39ac0794aa0bb24e27fd665b5cba6ed104db9d1f04cd1,matched,USDC,50233.500939,AETHUSDC,50359.929958,2025-11-08T09:34:59.000Z,0x2fdd47ef90f9fcfa3bc39ac0794aa0bb24e27fd665b5cba6ed104db9d1f04cd1
USDC,514559.092599,AETHUSDC,514574.813677,2025-11-06T12:25:11.000Z,0xd1854d6b17ab9f54ef45495ef230c29529df400cf760d6cb0b5d96ed3a2de4ee,matched,USDC,514559.092599,AETHUSDC,514574.813677,2025-11-06T19:25:11.000Z,0xd1854d6b17ab9f54ef45495ef230c29529df400cf760d6cb0b5d96ed3a2de4ee
USDC,30.0,ETH,0.0083621994,2025-11-04T09:46:35.000Z,0xa5d3340fe15cb3fa64ca688603caf80ca53c228f3ae35f07e8cd774d6b3b44f2,matched,USDC,30.0,ETH,0.0083622,2025-11-04T16:46:35.000Z,0xa5d3340fe15cb3fa64ca688603caf80ca53c228f3ae35f07e8cd774d6b3b44f2
AUSDC,19028.5964385015,USDC,19965.989156,2025-11-04T09:21:11.000Z,0xbb27392c7999222a9836a31083e9ca53f7f4c591dbaff3537bd306ba8f73250c,matched,AUSDC,19028.5964385,USDC,19965.989156,2025-11-04T16:21:11.000Z,0xbb27392c7999222a9836a31083e9ca53f7f4c591dbaff3537bd306ba8f73250c
AETHUSDC,29999.977379,USDC,30000.0,2025-11-03T10:44:11.000Z,0x14867b3c199d43e79731d22d849eabd36449d430b1b93798beb1b1cc079b7a61,matched,AETHUSDC,29999.977379,USDC,30000.0,2025-11-03T17:44:11.000Z,0x14867b3c199d43e79731d22d849eabd36449d430b1b93798beb1b1cc079b7a61
USDC,30013.126114,AETHUSDC,30017.779565,2025-11-03T10:39:59.000Z,0x38554eb1bce8b8726981ed13c724fa29e3153982f543e36df1b5a3dc3fb8480c,matched,USDC,30013.126114,AETHUSDC,30017.779565,2025-11-03T17:39:59.000Z,0x38554eb1bce8b8726981ed13c724fa29e3153982f543e36df1b5a3dc3fb8480c
AETHUSDT,17393.626724,USDT,17400.0,2025-11-02T14:52:23.000Z,0xf6b3184cdcab756c40663a25b8c725733aee3419266c58982d00b2d915cdf282,matched,AETHUSDT,17393.626724,USDT,17400.0,2025-11-02T21:52:23.000Z,0xf6b3184cdcab756c40663a25b8c725733aee3419266c58982d00b2d915cdf282
AETHUSDC,29991.219774,USDC,30000.0,2025-11-02T10:27:11.000Z,0x4757c8e9bb9e58d58aa108d661c90fa98b338fa38c4e19db49a4615c319b60f0,matched,AETHUSDC,29991.219774,USDC,30000.0,2025-11-02T17:27:11.000Z,0x4757c8e9bb9e58d58aa108d661c90fa98b338fa38c4e19db49a4615c319b60f0
USDC,19953.308113,AUSDC,19028.5964385015,2025-11-02T04:39:35.000Z,0xffc83b3b52e857bb25c47e0d8b2fc5ce5fc65545ca9fd64732966452fed3b29d,matched,USDC,19953.308113,AUSDC,19028.5964385,2025-11-02T11:39:35.000Z,0xffc83b3b52e857bb25c47e0d8b2fc5ce5fc65545ca9fd64732966452fed3b29d
USDC,50.0,ETH,0.0128134903,2025-11-02T04:33:11.000Z,0x52cf16aa515e138e2bcff86af7fafbffe781215067b3583e2c337b3f99cb6596,matched,USDC,50.0,ETH,0.01281349,2025-11-02T11:33:11.000Z,0x52cf16aa515e138e2bcff86af7fafbffe781215067b3583e2c337b3f99cb6596
FUSDC,17057.361951,USDC,20003.308113,2025-11-02T04:29:47.000Z,0x7f7add248bdb78bad2d1ee95f7783569a7cd16ecd7020ed18de1a2065922f574,matched,FUSDC,17057.361951,USDC,20003.308113,2025-11-02T11:29:47.000Z,0x7f7add248bdb78bad2d1ee95f7783569a7cd16ecd7020ed18de1a2065922f574
AETHUSDC,29999.943759,USDC,30000.0,2025-11-01T08:05:47.000Z,0xae40bf5aab0b5af05324d5ee35798dacf5421cb2e12e492d5730054ae95fc241,matched,AETHUSDC,29999.943759,USDC,30000.0,2025-11-01T15:05:47.000Z,0xae40bf5aab0b5af05324d5ee35798dacf5421cb2e12e492d5730054ae95fc241
AETHUSDC,9999.969179,USDC,10000.0,2025-11-01T07:58:35.000Z,0x70c5b1439dba6b31abc5f2afe412610b5bde4746d85feb616e51abf5184b62d8,matched,AETHUSDC,9999.969179,USDC,10000.0,2025-11-01T14:58:35.000Z,0x70c5b1439dba6b31abc5f2afe412610b5bde4746d85feb616e51abf5184b62d8
AETHUSDC,19989.961767,USDC,19990.0,2025-11-01T07:54:59.000Z,0xf6963e211fd37b51f7277bb6be27bb8b84ca6dcb89bf7eb16a5d7414efa402a0,matched,AETHUSDC,19989.961767,USDC,19990.0,2025-11-01T14:54:59.000Z,0xf6963e211fd37b51f7277bb6be27bb8b84ca6dcb89bf7eb16a5d7414efa402a0
USDC,19990.0,AETHUSDC,19990.075341,2025-11-01T07:51:11.000Z,0xf52ccc431b98b397d8f1d48b04257429a2e40ee27cbe756beac08dc7a69b98d9,matched,USDC,19990.0,AETHUSDC,19990.075341,2025-11-01T14:51:11.000Z,0xf52ccc431b98b397d8f1d48b04257429a2e40ee27cbe756beac08dc7a69b98d9
USDC,20000.0,AETHUSDC,20000.012709,2025-11-01T07:42:23.000Z,0x1c62704663a280d114c9e24d3dfc6992dbd81deb2fe303517d7d1ad5c04ca8e0,matched,USDC,20000.0,AETHUSDC,20000.012709,2025-11-01T14:42:23.000Z,0x1c62704663a280d114c9e24d3dfc6992dbd81deb2fe303517d7d1ad5c04ca8e0
AETHUSDC,19999.890413,USDC,20000.0,2025-11-01T07:40:35.000Z,0x636d910df1a055439d47fe12565bce66441510f59c1c71080dfcdae2b5f59fcb,matched,AETHUSDC,19999.890413,USDC,20000.0,2025-11-01T14:40:35.000Z,0x636d910df1a055439d47fe12565bce66441510f59c1c71080dfcdae2b5f59fcb
USDT,54863.029206,AETHUSDT,54863.029205,2025-11-01T07:32:35.000Z,0x2beb1715d66743f494ef90df5427ad9629176715ab2c4a1dfb7e6caa8078506a,matched,USDT,54863.029206,AETHUSDT,54863.029205,2025-11-01T14:32:35.000Z,0x2beb1715d66743f494ef90df5427ad9629176715ab2c4a1dfb7e6caa8078506a
AETHUSDC,19999.786693,USDC,20000.0,2025-11-01T07:27:47.000Z,0xeda392623e8c4e0458f14aec2f0cc20ea31b9d4468fb115db8d78f188ea255f0,matched,AETHUSDC,19999.786693,USDC,20000.0,2025-11-01T14:27:47.000Z,0xeda392623e8c4e0458f14aec2f0cc20ea31b9d4468fb115db8d78f188ea255f0
USDC,134115.866567,AETHUSDC,134115.866566,2025-11-01T07:06:35.000Z,0x5ad7bb6c1ce8980eadd38a4166290ce95f8b42e1b7593dc60fa0f924f04be97d,matched,USDC,134115.866567,AETHUSDC,134115.866566,2025-11-01T14:06:35.000Z,0x5ad7bb6c1ce8980eadd38a4166290ce95f8b42e1b7593dc60fa0f924f04be97d
WBTC,0.31393312,USDC,34435.085505,2025-11-01T06:18:35.000Z,0xcfa68b623f7f17db9f535e79d126379eccc005bc8a95fe97a4a8924a448ef3ab,matched,WBTC,0.31393312,USDC,34435.085505,2025-11-01T13:18:35.000Z,0xcfa68b623f7f17db9f535e79d126379eccc005bc8a95fe97a4a8924a448ef3ab
WBTC,0.5,USDT,54856.257743,2025-11-01T06:17:59.000Z,0xf76dee222e9da3e902dadc553ebea6b7a62b8a29224f4e67cd9906fdc8f85dc2,matched,WBTC,0.5,USDT,54856.257743,2025-11-01T13:17:59.000Z,0xf76dee222e9da3e902dadc553ebea6b7a62b8a29224f4e67cd9906fdc8f85dc2
WBTC,1.0,USDC,109680.781062,2025-11-01T06:17:11.000Z,0x2d9fe512c13f29d71c68f7c2854beafa0b37a54e03cd6e89ce7c54387de0af49,matched,WBTC,1.0,USDC,109680.781062,2025-11-01T13:17:11.000Z,0x2d9fe512c13f29d71c68f7c2854beafa0b37a54e03cd6e89ce7c54387de0af49
USDC,102820.265923,WBTC,0.92063212,2025-10-24T12:39:47.000Z,0xcd8e54c93fec4de87dd63823ffe69698ac615efcd8470de4bc881812a2701140,matched,USDC,102820.265923,WBTC,0.92063212,2025-10-24T19:39:47.000Z,0xcd8e54c93fec4de87dd63823ffe69698ac615efcd8470de4bc881812a2701140
USDC,100000.0,WBTC,0.89331099,2025-10-24T12:38:59.000Z,0x1243832b9f419dddd31657903b57465bc7238eb29d093091d4055f38f03ee84b,matched,USDC,100000.0,WBTC,0.89331099,2025-10-24T19:38:59.000Z,0x1243832b9f419dddd31657903b57465bc7238eb29d093091d4055f38f03ee84b
AETHUSDC,202756.178361,USDC,202820.265923,2025-10-24T12:04:35.000Z,0x668765d620b0f614b2e31ce8384254d1f327928dffeff8cd40aef7ff82e7328f,matched,AETHUSDC,202756.178361,USDC,202820.265923,2025-10-24T19:04:35.000Z,0x668765d620b0f614b2e31ce8384254d1f327928dffeff8cd40aef7ff82e7328f
USDC,202756.178362,AETHUSDC,202756.178361,2025-10-21T12:17:59.000Z,0xed7f8ddc712f161fd4237a3dece5a021624d21fdd3d18b39e585c6daa91475c8,matched,USDC,202756.178362,AETHUSDC,202756.178361,2025-10-21T19:17:59.000Z,0xed7f8ddc712f161fd4237a3dece5a021624d21fdd3d18b39e585c6daa91475c8
WBTC,1.87208505,USDC,202756.178362,2025-10-21T12:04:23.000Z,0x4b9ee075ddf1d7fcef7cbcdb9e1a66062250641dca027e4c51d389824923875b,matched,WBTC,1.87208505,USDC,202756.178362,2025-10-21T19:04:23.000Z,0x4b9ee075ddf1d7fcef7cbcdb9e1a66062250641dca027e4c51d389824923875b
USDC,203763.62575,WBTC,1.87207925,2025-10-19T14:27:47.000Z,0xae62ff27fc3a55c2497777070c4493d8ee3aa25b84003fe4669f0ea77b53643c,matched,USDC,203763.62575,WBTC,1.87207925,2025-10-19T21:27:47.000Z,0xae62ff27fc3a55c2497777070c4493d8ee3aa25b84003fe4669f0ea77b53643c
AETHUSDC,203731.44187,USDC,203763.62575,2025-10-19T14:25:35.000Z,0x08e653134d18c441b7426aada2159590f43694e2ba0922e716111fd4401aa80a,matched,AETHUSDC,203731.44187,USDC,203763.62575,2025-10-19T21:25:35.000Z,0x08e653134d18c441b7426aada2159590f43694e2ba0922e716111fd4401aa80a
USDC,203731.441871,AETHUSDC,203731.44187,2025-10-17T23:34:35.000Z,0x14f5f0baae3f1fd35270474ae8916071ee0eb6d4389a7e91f37632193b066f39,matched,USDC,203731.441871,AETHUSDC,203731.44187,2025-10-18T06:34:35.000Z,0x14f5f0baae3f1fd35270474ae8916071ee0eb6d4389a7e91f37632193b066f39
AETHUSDC,631693.804317,USDC,631731.441871,2025-10-17T22:54:47.000Z,0x0d39d0acb35346345afea6cb4f5f98a415731b4f757e2f44f2fcbf28f975c11e,matched,AETHUSDC,631693.804317,USDC,631731.441871,2025-10-18T05:54:47.000Z,0x0d39d0acb35346345afea6cb4f5f98a415731b4f757e2f44f2fcbf28f975c11e
USDC,109994.9127,AETHUSDC,109996.751678,2025-10-17T08:38:11.000Z,0x291da8b69a8b63b75e0bbcabc6e6c0877084a0f32fdf2eac07117547fabb8343,matched,USDC,109994.9127,AETHUSDC,109996.751678,2025-10-17T15:38:11.000Z,0x291da8b69a8b63b75e0bbcabc6e6c0877084a0f32fdf2eac07117547fabb8343
USDC,149996.5031,AETHUSDC,149997.013931,2025-10-17T07:48:23.000Z,0x263ecb1920e6cd37237495c5d8ba2db47f1d9882ca49bfc977b0a7ec9298ab35,matched,USDC,149996.5031,AETHUSDC,149997.013931,2025-10-17T14:48:23.000Z,0x263ecb1920e6cd37237495c5d8ba2db47f1d9882ca49bfc977b0a7ec9298ab35
USDC,81695.76321,AETHUSDC,81835.357905,2025-10-17T07:28:59.000Z,0xd2b14bd94ec15366e333f4fb7c5a633b7bfb5ce8d79d7ecc233f253a9bcd9014,matched,USDC,81695.76321,AETHUSDC,81835.357905,2025-10-17T14:28:59.000Z,0xd2b14bd94ec15366e333f4fb7c5a633b7bfb5ce8d79d7ecc233f253a9bcd9014
USDC,44130.0,PAXG,10.0018076335,2025-10-17T07:23:35.000Z,0xe71a919f747c5c315b8b666d6710f6290d48ba9a9c3ddc7cd0dca16eb7094aa4,matched,USDC,44130.0,PAXG,10.00180763,2025-10-17T14:23:35.000Z,0xe71a919f747c5c315b8b666d6710f6290d48ba9a9c3ddc7cd0dca16eb7094aa4
USDC,44170.0,PAXG,10.0146529949,2025-10-17T07:21:47.000Z,0x80f92b4d01337211e715d73dd0e0f9ce5a5337d8393649da654819e6b4d00470,matched,USDC,44170.0,PAXG,10.01465299,2025-10-17T14:21:47.000Z,0x80f92b4d01337211e715d73dd0e0f9ce5a5337d8393649da654819e6b4d00470
USDC,179000.0,AETHUSDC,179003.749685,2025-10-12T13:14:23.000Z,0x1213bad70a0460622ecfb0be775a4212d547dcef8bf775e7061eafbec9c5d901,matched,USDC,179000.0,AETHUSDC,179003.749685,2025-10-12T20:14:23.000Z,0x1213bad70a0460622ecfb0be775a4212d547dcef8bf775e7061eafbec9c5d901
USDC,110860.931119,AETHUSDC,110860.931118,2025-10-12T05:00:35.000Z,0xbb96203fec210a2dfb485360271057429f23ea12219642d7b152dbc165b56ea1,matched,USDC,110860.931119,AETHUSDC,110860.931118,2025-10-12T12:00:35.000Z,0xbb96203fec210a2dfb485360271057429f23ea12219642d7b152dbc165b56ea1
WBTC,1.0,PAXG,27.5431476598,2025-10-12T03:23:35.000Z,0x751930af69d2d998ffdc51efd6b39c2380b078901a6e5dd34f0244b63fe9f454,matched,WBTC,1.0,PAXG,27.54314766,2025-10-12T10:23:35.000Z,0x751930af69d2d998ffdc51efd6b39c2380b078901a6e5dd34f0244b63fe9f454
WBTC,1.0,PAXG,27.4912094828,2025-10-12T03:21:35.000Z,0x53706ec4c65e9713b994d13f9a0ed70bd89043a2c1fb57e338fcddf1251af6bf,matched,WBTC,1.0,PAXG,27.49120948,2025-10-12T10:21:35.000Z,0x53706ec4c65e9713b994d13f9a0ed70bd89043a2c1fb57e338fcddf1251af6bf
USDC,23671.423787,WBTC,0.21178404,2025-10-11T09:01:35.000Z,0xfe5dbd0950b843e859bd13f227c5d7ca1cbc095f1cc816d93ea5062d9a117121,matched,USDC,23671.423787,WBTC,0.21178404,2025-10-11T16:01:35.000Z,0xfe5dbd0950b843e859bd13f227c5d7ca1cbc095f1cc816d93ea5062d9a117121
AETHWBTC,4.57857152,WBTC,4.57857153,2025-10-11T09:00:23.000Z,0x1b545046d6541aa00a75b368cba89fcbec9d888d01eee9b954e89e74ec7f9597,matched,AETHWBTC,4.57857152,WBTC,4.57857153,2025-10-11T16:00:23.000Z,0x1b545046d6541aa00a75b368cba89fcbec9d888d01eee9b954e89e74ec7f9597
USDC,35080.0,USDT,35041.817738,2025-10-11T08:57:59.000Z,0xe9b01040793b1d4f057724382541acca2478c9ba2458519bde011e045a7dd848,matched,USDC,35080.0,USDT,35041.817738,2025-10-11T15:57:59.000Z,0xe9b01040793b1d4f057724382541acca2478c9ba2458519bde011e045a7dd848
WBTC,1.0,USDC,111264.399153,2025-10-11T08:55:11.000Z,0xaa2055af31bb224f8adad77e99fc66e96a4cc2ef6afc1ee1ea67d5dfa9a57093,matched,WBTC,1.0,USDC,111264.399153,2025-10-11T15:55:11.000Z,0xaa2055af31bb224f8adad77e99fc66e96a4cc2ef6afc1ee1ea67d5dfa9a57093
WBTC,1.0,USDC,111272.051473,2025-10-11T08:54:35.000Z,0xfc25ed3b68ff0f96d96456e1ad1398a073a997a3a209c0ebc205d0ee8fc2ba3e,matched,WBTC,1.0,USDC,111272.051473,2025-10-11T15:54:35.000Z,0xfc25ed3b68ff0f96d96456e1ad1398a073a997a3a209c0ebc205d0ee8fc2ba3e
AETHWBTC,2.00000001,WBTC,2.0,2025-10-11T08:53:47.000Z,0x7df0390ed5ec39d225974b7725407977648c465138dcfbbb7fcfbfeee6b38657,matched,AETHWBTC,2.00000001,WBTC,2.0,2025-10-11T15:53:47.000Z,0x7df0390ed5ec39d225974b7725407977648c465138dcfbbb7fcfbfeee6b38657
WBTC,1.0,USDC,111306.55783,2025-10-11T08:52:23.000Z,0xeee9d1376357e1cc32ddfa36a23d35b35add42b024ed6f7b123521bd616373f0,matched,WBTC,1.0,USDC,111306.55783,2025-10-11T15:52:23.000Z,0xeee9d1376357e1cc32ddfa36a23d35b35add42b024ed6f7b123521bd616373f0
AETHWBTC,1.0,WBTC,1.0,2025-10-11T08:51:35.000Z,0x766987f2d79458093ce8ef188d8e6b35335381fb544f08face5283eaa863c31a,matched,AETHWBTC,1.0,WBTC,1.0,2025-10-11T15:51:35.000Z,0x766987f2d79458093ce8ef188d8e6b35335381fb544f08face5283eaa863c31a
WBTC,0.7,USDC,77919.46802,2025-10-11T08:50:11.000Z,0xc4a702dc703db44cb1b89f31fb260a18b07c588f1f729f23fe7f9ec3e97592e3,matched,WBTC,0.7,USDC,77919.46802,2025-10-11T15:50:11.000Z,0xc4a702dc703db44cb1b89f31fb260a18b07c588f1f729f23fe7f9ec3e97592e3
AETHWBTC,0.49999999,WBTC,0.5,2025-10-11T08:48:59.000Z,0xc9e18eef55f5ff471d3e20ccf3f21ea3bf77b346a5e5c0c38f02e917194cdc75,matched,AETHWBTC,0.49999999,WBTC,0.5,2025-10-11T15:48:59.000Z,0xc9e18eef55f5ff471d3e20ccf3f21ea3bf77b346a5e5c0c38f02e917194cdc75
AETHWBTC,0.69999832,WBTC,0.7,2025-10-11T08:18:59.000Z,0xea918cf4b9f108d8e459916b338094d3debf4c9d3d60201bac16a68198fa7a1a,matched,AETHWBTC,0.69999832,WBTC,0.7,2025-10-11T15:18:59.000Z,0xea918cf4b9f108d8e459916b338094d3debf4c9d3d60201bac16a68198fa7a1a
WBTC,0.17980343,AETHWBTC,0.17980673,2025-10-09T14:13:59.000Z,0x7a98a248e8d799e4197c4f8b3b8fbb99daef056c7786fafad5effafc46884241,matched,WBTC,0.17980343,AETHWBTC,0.17980673,2025-10-09T21:13:59.000Z,0x7a98a248e8d799e4197c4f8b3b8fbb99daef056c7786fafad5effafc46884241
USDT,22069.190311,WBTC,0.17980343,2025-10-09T14:12:23.000Z,0x6d916be8fde04bc722ff394d6f96e24e96dc1f58e4f9573ed2e0e9ff9e9c5c6b,matched,USDT,22069.190311,WBTC,0.17980343,2025-10-09T21:12:23.000Z,0x6d916be8fde04bc722ff394d6f96e24e96dc1f58e4f9573ed2e0e9ff9e9c5c6b
EIGEN,9582.6034194286,USDT,16972.91173,2025-10-09T13:58:23.000Z,0x64d59aad56e4af403e54950bed7845a200d3c554702f9db16047565df1020a26,matched,EIGEN,9582.60341943,USDT,16972.91173,2025-10-09T20:58:23.000Z,0x64d59aad56e4af403e54950bed7845a200d3c554702f9db16047565df1020a26
USDC,24280.0,ENA,42941.6863838495,2025-10-07T16:38:11.000Z,0x1840d750710324b2b844cef7d2affd4fad4fb0b4dcde84cbebce11c2abf699e8,matched,USDC,24280.0,ENA,42941.68638385,2025-10-07T23:38:11.000Z,0x1840d750710324b2b844cef7d2affd4fad4fb0b4dcde84cbebce11c2abf699e8
USDC,18210.0,EIGEN,9582.6034194286,2025-10-07T16:36:47.000Z,0x50c85443484aa75f2e5b7e6eed1ceecbef99320d7844b6eac42d30aa61841f9f,matched,USDC,18210.0,EIGEN,9582.60341943,2025-10-07T23:36:47.000Z,0x50c85443484aa75f2e5b7e6eed1ceecbef99320d7844b6eac42d30aa61841f9f
WBTC,0.04005875,AETHWBTC,0.04006022,2025-10-06T03:21:47.000Z,0x0bbcae06e464cca495559127f1675dad100f37fd512fa2ace9616517a30b2c9d,matched,WBTC,0.04005875,AETHWBTC,0.04006022,2025-10-06T10:21:47.000Z,0x0bbcae06e464cca495559127f1675dad100f37fd512fa2ace9616517a30b2c9d
USDT,4979.009612,WBTC,0.04005875,2025-10-06T03:19:35.000Z,0x599223ff5426008dd681b37002bc3b2a6f62b5d5fc534faf3c51c591cccf8b95,matched,USDT,4979.009612,WBTC,0.04005875,2025-10-06T10:19:35.000Z,0x599223ff5426008dd681b37002bc3b2a6f62b5d5fc534faf3c51c591cccf8b95
WBTC,0.08729916,AETHWBTC,0.08730296,2025-10-04T13:35:59.000Z,0x9a1aa1a72651935e8a73de4ad18a484897f846798147fcc45eefab5aba5c2903,matched,WBTC,0.08729916,AETHWBTC,0.08730296,2025-10-04T20:35:59.000Z,0x9a1aa1a72651935e8a73de4ad18a484897f846798147fcc45eefab5aba5c2903
USDC,10000.0,WBTC,0.0814331,2025-10-04T13:34:59.000Z,0x2b6eda44e10ca0e2d8b41c34388ca498721ecdef42145ac77819840b8893c00b,matched,USDC,10000.0,WBTC,0.0814331,2025-10-04T20:34:59.000Z,0x2b6eda44e10ca0e2d8b41c34388ca498721ecdef42145ac77819840b8893c00b
ETH,0.1601346345,WBTC,0.00586606,2025-10-04T13:33:11.000Z,0xc4366c4879f0b0a197df39514f88395dedbd158daab77d9a65ba1347ae398a6f,matched,ETH,0.16,WBTC,0.00586606,2025-10-04T20:33:11.000Z,0xc4366c4879f0b0a197df39514f88395dedbd158daab77d9a65ba1347ae398a6f
WBTC,0.44143874,AETHWBTC,0.44143874,2025-09-30T10:07:35.000Z,0xeb1facb8a4833a3084377b0999e11650515a0539f07b965d37549be46c55a458,matched,WBTC,0.44143874,AETHWBTC,0.44143874,2025-09-30T17:07:35.000Z,0xeb1facb8a4833a3084377b0999e11650515a0539f07b965d37549be46c55a458
USDC,25000.0,WBTC,0.22066496,2025-09-30T10:06:23.000Z,0xf3d24872914a104cfd273c0c23ed1033aad23514bd6a90cd00ea608c464fe392,matched,USDC,25000.0,WBTC,0.22066496,2025-09-30T17:06:23.000Z,0xf3d24872914a104cfd273c0c23ed1033aad23514bd6a90cd00ea608c464fe392
USDC,25000.0,WBTC,0.22077378,2025-09-30T10:05:47.000Z,0xe7ee3136e4d60621abe6d76dbc25aa504eddba197123fa71eb87736d5d777dec,matched,USDC,25000.0,WBTC,0.22077378,2025-09-30T17:05:47.000Z,0xe7ee3136e4d60621abe6d76dbc25aa504eddba197123fa71eb87736d5d777dec
WBTC,0.3081098,AETHWBTC,0.3081098,2025-09-30T10:01:47.000Z,0x6b268ea3bc7be7d0bc866b936aac0a4fd9c65dc83a249ddbfd234d8555782664,matched,WBTC,0.3081098,AETHWBTC,0.3081098,2025-09-30T17:01:47.000Z,0x6b268ea3bc7be7d0bc866b936aac0a4fd9c65dc83a249ddbfd234d8555782664
USDC,34857.79615,WBTC,0.3081098,2025-09-30T10:00:59.000Z,0x3463a1975957f3614c6890ef0967624681e163e298452038177cf8461bbfcf1e,matched,USDC,34857.79615,WBTC,0.3081098,2025-09-30T17:00:59.000Z,0x3463a1975957f3614c6890ef0967624681e163e298452038177cf8461bbfcf1e
WBTC,0.4338888,AETHWBTC,0.4338888,2025-09-30T10:00:59.000Z,0x6fa671828072440002259208c6dc51493f45f2e6082679c0f29f6caf93da9c76,matched,WBTC,0.4338888,AETHWBTC,0.4338888,2025-09-30T17:00:59.000Z,0x6fa671828072440002259208c6dc51493f45f2e6082679c0f29f6caf93da9c76
USDC,49122.163782,WBTC,0.4338888,2025-09-30T09:58:11.000Z,0x8d31be5332cf8f8efd6710562358d7dbb4c216b7d1626883bfbc824b56ebaa96,matched,USDC,49122.163782,WBTC,0.4338888,2025-09-30T16:58:11.000Z,0x8d31be5332cf8f8efd6710562358d7dbb4c216b7d1626883bfbc824b56ebaa96
WBTC,0.45114653,AETHWBTC,0.45114653,2025-09-30T09:55:11.000Z,0x0e3a30a14cda4a75b9e33a80cfa166f593c002e19f9f34e9320d69c3be8ee6fc,matched,WBTC,0.45114653,AETHWBTC,0.45114653,2025-09-30T16:55:11.000Z,0x0e3a30a14cda4a75b9e33a80cfa166f593c002e19f9f34e9320d69c3be8ee6fc
USDC,51117.696524,WBTC,0.45114653,2025-09-30T09:54:11.000Z,0x07082a73e12b1797431a43726f609525d1075dfa66610dedbc85a1054e6bb4f7,matched,USDC,51117.696524,WBTC,0.45114653,2025-09-30T16:54:11.000Z,0x07082a73e12b1797431a43726f609525d1075dfa66610dedbc85a1054e6bb4f7
WBTC,0.44049473,AETHWBTC,0.44049472,2025-09-30T09:43:59.000Z,0x9ac413d8c572c541081515fda1854eee6362f2f289f1d69f0d3ba9e74fd55070,matched,WBTC,0.44049473,AETHWBTC,0.44049472,2025-09-30T16:43:59.000Z,0x9ac413d8c572c541081515fda1854eee6362f2f289f1d69f0d3ba9e74fd55070
USDC,49962.798068,WBTC,0.44049473,2025-09-30T09:42:59.000Z,0x492b5b9a31f2cf3f37ad13f347bdfac0641fd6460b2b3c29ef15a2a55bb74a40,matched,USDC,49962.798068,WBTC,0.44049473,2025-09-30T16:42:59.000Z,0x492b5b9a31f2cf3f37ad13f347bdfac0641fd6460b2b3c29ef15a2a55bb74a40
WBTC,0.43999647,AETHWBTC,0.43999647,2025-09-30T09:33:47.000Z,0xd2107bc1c2c806a0a61508b5e8f577d82b801791b4a309c4226e883cd0d06e7d,matched,WBTC,0.43999647,AETHWBTC,0.43999647,2025-09-30T16:33:47.000Z,0xd2107bc1c2c806a0a61508b5e8f577d82b801791b4a309c4226e883cd0d06e7d
USDC,50000.0,WBTC,0.43999647,2025-09-30T09:32:35.000Z,0xa3b43222fe844fbdd0fac613f0dc1861092e24c5f2489b1b8db892eb8268f8ee,matched,USDC,50000.0,WBTC,0.43999647,2025-09-30T16:32:35.000Z,0xa3b43222fe844fbdd0fac613f0dc1861092e24c5f2489b1b8db892eb8268f8ee
WBTC,0.80252287,AETHWBTC,0.80252287,2025-09-30T09:18:11.000Z,0x1f6f0d7cc6f1e33d9c33ae391c34e4c47cf65a2d45a6da4ac47ae8d31e86c669,matched,WBTC,0.80252287,AETHWBTC,0.80252287,2025-09-30T16:18:11.000Z,0x1f6f0d7cc6f1e33d9c33ae391c34e4c47cf65a2d45a6da4ac47ae8d31e86c669
ETH,21.9302614217,WBTC,0.80252287,2025-09-30T09:17:11.000Z,0x28a2965b2b8b05e597fed5473b369b401fbc1bab69c356635e0072949c702eb7,matched,ETH,21.93,WBTC,0.80252287,2025-09-30T16:17:11.000Z,0x28a2965b2b8b05e597fed5473b369b401fbc1bab69c356635e0072949c702eb7
AETHWETH,21.8530807222,ETH,21.8530842896,2025-09-30T09:16:11.000Z,0x95ab61acaa6171fa9cf7b568bfdcf53cf4dd393e032068c668450cc6401e78bf,matched,AETHWETH,21.85308429,ETH,21.85308429,2025-09-30T16:16:11.000Z,0x95ab61acaa6171fa9cf7b568bfdcf53cf4dd393e032068c668450cc6401e78bf
WBTC,0.72838215,AETHWBTC,0.72838446,2025-09-30T09:15:23.000Z,0x53e518fc6de950d1740325f95271c8031ffefcb245ac70f5351565bfcda1f8f5,matched,WBTC,0.72838215,AETHWBTC,0.72838446,2025-09-30T16:15:23.000Z,0x53e518fc6de950d1740325f95271c8031ffefcb245ac70f5351565bfcda1f8f5
ETH,19.9003312484,WBTC,0.72838215,2025-09-30T09:14:23.000Z,0x85bab02e79eccc2fde25dc5dc40e6651cc312df1bf2806c348081d93585af2d0,matched,ETH,19.9,WBTC,0.72838215,2025-09-30T16:14:23.000Z,0x85bab02e79eccc2fde25dc5dc40e6651cc312df1bf2806c348081d93585af2d0
AETHWETH,19.9963701837,ETH,20.0,2025-09-30T09:10:35.000Z,0x9d3d400d1b757efb424af3cb2bab3d402465a6cd024f07ad1aedb2e71acc86db,matched,AETHWETH,20.0,ETH,20.0,2025-09-30T16:10:35.000Z,0x9d3d400d1b757efb424af3cb2bab3d402465a6cd024f07ad1aedb2e71acc86db
ETH,0.887836629,AETHWETH,0.8893480197,2025-09-28T07:30:35.000Z,0x8c1a12c0da4c2893b2f56ceca287d7222b9c537e3ec43e86c0b9b7af4fbb2e52,matched,ETH,0.8876617,AETHWETH,0.88934802,2025-09-28T14:30:35.000Z,0x8c1a12c0da4c2893b2f56ceca287d7222b9c537e3ec43e86c0b9b7af4fbb2e52
STETH,0.2,ETH,0.1981459061,2025-09-27T09:03:35.000Z,0x260e52189a6c24e5889e54ec9495017e8af67dfd1c393e6dfe1e347d9526370d,matched,STETH,0.2,ETH,0.19814591,2025-09-27T16:03:35.000Z,0x260e52189a6c24e5889e54ec9495017e8af67dfd1c393e6dfe1e347d9526370d
ETH,0.2001507894,STETH,0.2,2025-09-27T09:01:35.000Z,0xc746c6e08c01894c67c53f718afd22e4ddad38fb49997e4a7fd06f28ca8594e7,matched,ETH,0.2,STETH,0.2,2025-09-27T16:01:35.000Z,0xc746c6e08c01894c67c53f718afd22e4ddad38fb49997e4a7fd06f28ca8594e7
AETHWETH,0.9906552372,ETH,1.0,2025-09-27T08:32:23.000Z,0x80f3206f1e863638d91721d7ad0ef123a16c22cd84c65423b4990e32c4b17620,matched,AETHWETH,1.0,ETH,1.0,2025-09-27T15:32:23.000Z,0x80f3206f1e863638d91721d7ad0ef123a16c22cd84c65423b4990e32c4b17620
WBTC,0.36076648,AETHWBTC,0.36076648,2025-09-26T03:32:59.000Z,0x805481c4fbd25546e53a137a35b7397ffd0183a790647b7ed04dfaa83f662cb4,matched,WBTC,0.36076648,AETHWBTC,0.36076648,2025-09-26T10:32:59.000Z,0x805481c4fbd25546e53a137a35b7397ffd0183a790647b7ed04dfaa83f662cb4
USDC,39600.0,WBTC,0.36076648,2025-09-26T03:31:23.000Z,0xd76176dbbad47a02c633eaa2b0ddff638b9c6820cef5006b3422c675e6457ff3,matched,USDC,39600.0,WBTC,0.36076648,2025-09-26T10:31:23.000Z,0xd76176dbbad47a02c633eaa2b0ddff638b9c6820cef5006b3422c675e6457ff3
WBTC,0.36395348,AETHWBTC,0.36395348,2025-09-26T03:25:35.000Z,0x4818f93b84767ffb71824a93b8b17e965022c904cbc15fb36bf2f1ee20094bcd,matched,WBTC,0.36395348,AETHWBTC,0.36395348,2025-09-26T10:25:35.000Z,0x4818f93b84767ffb71824a93b8b17e965022c904cbc15fb36bf2f1ee20094bcd
USDC,39965.175766,WBTC,0.36395348,2025-09-26T03:24:35.000Z,0xa78d69d25d0ac6f6426fa395090c13a4b0cc36e6df06e53f81aa1c28bd6f7e93,matched,USDC,39965.175766,WBTC,0.36395348,2025-09-26T10:24:35.000Z,0xa78d69d25d0ac6f6426fa395090c13a4b0cc36e6df06e53f81aa1c28bd6f7e93
WBTC,0.36392964,AETHWBTC,0.36392964,2025-09-26T03:14:23.000Z,0x414539c23dc83b0805c331bcaee93789f247c8a050d6d20797d7862f6491b85e,matched,WBTC,0.36392964,AETHWBTC,0.36392964,2025-09-26T10:14:23.000Z,0x414539c23dc83b0805c331bcaee93789f247c8a050d6d20797d7862f6491b85e
USDC,40000.0,WBTC,0.36392964,2025-09-26T03:13:11.000Z,0x5b623e667878360f221f28bc0c695e96f35bc029c125309d999f44f5416ccd0f,matched,USDC,40000.0,WBTC,0.36392964,2025-09-26T10:13:11.000Z,0x5b623e667878360f221f28bc0c695e96f35bc029c125309d999f44f5416ccd0f
WBTC,0.27238157,AETHWBTC,0.2723818,2025-09-26T02:51:59.000Z,0x26605e8419dec668625452db0501dcdfaf303e8a9550c7f4dfbb4407df7199f1,matched,WBTC,0.27238157,AETHWBTC,0.2723818,2025-09-26T09:51:59.000Z,0x26605e8419dec668625452db0501dcdfaf303e8a9550c7f4dfbb4407df7199f1
USDC,30000.0,WBTC,0.27238157,2025-09-26T02:50:23.000Z,0xbfa6c104c390e5b518ab0dbf76dff6da19e3404ec7154dba4a0b3fd9d6c1838c,matched,USDC,30000.0,WBTC,0.27238157,2025-09-26T09:50:23.000Z,0xbfa6c104c390e5b518ab0dbf76dff6da19e3404ec7154dba4a0b3fd9d6c1838c
WBTC,0.39597272,AETHWBTC,0.39597273,2025-09-25T12:09:11.000Z,0xdf721c4a14659886e654d2488ce99059d5c4bbaac95c1e47c57b203cabb21e05,matched,WBTC,0.39597272,AETHWBTC,0.39597273,2025-09-25T19:09:11.000Z,0xdf721c4a14659886e654d2488ce99059d5c4bbaac95c1e47c57b203cabb21e05
USDC,44300.0,WBTC,0.39597272,2025-09-25T12:06:47.000Z,0x4eb8ebc4cdf77c8a1e9eecb08bc6fc232b69ce95b498c14eedef22162d234293,matched,USDC,44300.0,WBTC,0.39597272,2025-09-25T19:06:47.000Z,0x4eb8ebc4cdf77c8a1e9eecb08bc6fc232b69ce95b498c14eedef22162d234293
WBTC,0.40204687,AETHWBTC,0.40204688,2025-09-25T11:15:23.000Z,0xb55947c88038e76f1644a43929adad66d0e25cfc45870e4db3434ab5223f72db,matched,WBTC,0.40204687,AETHWBTC,0.40204688,2025-09-25T18:15:23.000Z,0xb55947c88038e76f1644a43929adad66d0e25cfc45870e4db3434ab5223f72db
USDC,45000.0,WBTC,0.40204687,2025-09-25T11:10:47.000Z,0x511b4f75df28b6ee5e71c0277b3021f899693e0762691f339ca95d3025e8597e,matched,USDC,45000.0,WBTC,0.40204687,2025-09-25T18:10:47.000Z,0x511b4f75df28b6ee5e71c0277b3021f899693e0762691f339ca95d3025e8597e
WBTC,0.3842471,AETHWBTC,0.38424709,2025-09-25T10:21:23.000Z,0x3ce9028fe1bfe688da8bc5dd58a3834608a412392610e45402b34f13af51c9f2,matched,WBTC,0.3842471,AETHWBTC,0.38424709,2025-09-25T17:21:23.000Z,0x3ce9028fe1bfe688da8bc5dd58a3834608a412392610e45402b34f13af51c9f2
USDC,43080.672573,WBTC,0.3842471,2025-09-25T10:19:59.000Z,0x90eb96cbbe20dea2c0ca784d00b2fb0c91e3111c67cc7257f112db84cc55b482,matched,USDC,43080.672573,WBTC,0.3842471,2025-09-25T17:19:59.000Z,0x90eb96cbbe20dea2c0ca784d00b2fb0c91e3111c67cc7257f112db84cc55b482
WBTC,0.31232343,AETHWBTC,0.31232343,2025-09-25T10:16:47.000Z,0x08095ed7fb687f534bd2cc4605629aea33ae1893f229f3cbaed16baf8579d324,matched,WBTC,0.31232343,AETHWBTC,0.31232343,2025-09-25T17:16:47.000Z,0x08095ed7fb687f534bd2cc4605629aea33ae1893f229f3cbaed16baf8579d324
USDC,17496.000277,WBTC,0.15614889,2025-09-25T10:13:59.000Z,0xc97141e5b9d87891614d53b9688bd353c52390a873cf1582811c6f8314fa2cc8,matched,USDC,17496.000277,WBTC,0.15614889,2025-09-25T17:13:59.000Z,0xc97141e5b9d87891614d53b9688bd353c52390a873cf1582811c6f8314fa2cc8
USDC,17496.000273,WBTC,0.15617454,2025-09-25T10:13:23.000Z,0xa9d720b5167840af89afa2eed10f7b2df230e32b8694ad3603ad33d59151c808,matched,USDC,17496.000273,WBTC,0.15617454,2025-09-25T17:13:23.000Z,0xa9d720b5167840af89afa2eed10f7b2df230e32b8694ad3603ad33d59151c808
WBTC,0.41111913,AETHWBTC,0.41111913,2025-09-25T10:02:47.000Z,0xdd5eea0360ef9387c0c3bf152a85033dfd2c1f161e5006feef38ddefddcb27b3,matched,WBTC,0.41111913,AETHWBTC,0.41111913,2025-09-25T17:02:47.000Z,0xdd5eea0360ef9387c0c3bf152a85033dfd2c1f161e5006feef38ddefddcb27b3
USDC,46000.0,WBTC,0.41111913,2025-09-25T10:01:47.000Z,0xb208e0a5bb5d8ffd881da1d0534c46a109cf2988d5b3be5e872d0d3a370ac23e,matched,USDC,46000.0,WBTC,0.41111913,2025-09-25T17:01:47.000Z,0xb208e0a5bb5d8ffd881da1d0534c46a109cf2988d5b3be5e872d0d3a370ac23e
WBTC,0.30371999,AETHWBTC,0.30371998,2025-09-25T09:59:35.000Z,0xe3877815d7df5868b1f2e30a52e449ffab040a0a10b256196b9421162e9daf1d,matched,WBTC,0.30371999,AETHWBTC,0.30371998,2025-09-25T16:59:35.000Z,0xe3877815d7df5868b1f2e30a52e449ffab040a0a10b256196b9421162e9daf1d
USDC,34000.0,WBTC,0.30371999,2025-09-25T09:57:35.000Z,0x93b03124b64b181ee31528cb9f46ed2cdc0072d7ede5320a3720f867ddefc440,matched,USDC,34000.0,WBTC,0.30371999,2025-09-25T16:57:35.000Z,0x93b03124b64b181ee31528cb9f46ed2cdc0072d7ede5320a3720f867ddefc440
WBTC,0.35359428,AETHWBTC,0.35359427,2025-09-25T09:54:47.000Z,0xef7386abd2bf0227f87268c507dc223f07363d35cf2713be9de30612ad23e0c9,matched,WBTC,0.35359428,AETHWBTC,0.35359427,2025-09-25T16:54:47.000Z,0xef7386abd2bf0227f87268c507dc223f07363d35cf2713be9de30612ad23e0c9
USDC,27888.325674,WBTC,0.24886337,2025-09-25T09:50:35.000Z,0xc3176e94d5fca94e409fb385a30591b2482787ad7b805a1487dcc57989732253,matched,USDC,27888.325674,WBTC,0.24886337,2025-09-25T16:50:35.000Z,0xc3176e94d5fca94e409fb385a30591b2482787ad7b805a1487dcc57989732253
USDC,11740.0,WBTC,0.10473091,2025-09-25T09:48:59.000Z,0xbef6520bbb149ad449fde4da9445d9829342111c56d9632ba71df5ee0b5a8738,matched,USDC,11740.0,WBTC,0.10473091,2025-09-25T16:48:59.000Z,0xbef6520bbb149ad449fde4da9445d9829342111c56d9632ba71df5ee0b5a8738
WBTC,0.14542555,AETHWBTC,0.14542555,2025-09-25T09:47:11.000Z,0x7db287e04a374959055bb04f22dc73a39bd67358b10e71ed87cde9b73b141896,matched,WBTC,0.14542555,AETHWBTC,0.14542555,2025-09-25T16:47:11.000Z,0x7db287e04a374959055bb04f22dc73a39bd67358b10e71ed87cde9b73b141896
USDC,16312.304522,WBTC,0.14542555,2025-09-25T09:46:23.000Z,0xcb6d68ec5ea3bd6ec891729795afff99fef5b25431cebee8174f427aaec5b805,matched,USDC,16312.304522,WBTC,0.14542555,2025-09-25T16:46:23.000Z,0xcb6d68ec5ea3bd6ec891729795afff99fef5b25431cebee8174f427aaec5b805
WBTC,0.35593709,AETHWBTC,0.35593708,2025-09-25T09:33:23.000Z,0x1e6ef8842477dde257442cf59f90af0601edb4b0f52ae0df701e27e01e0e3727,matched,WBTC,0.35593709,AETHWBTC,0.35593708,2025-09-25T16:33:23.000Z,0x1e6ef8842477dde257442cf59f90af0601edb4b0f52ae0df701e27e01e0e3727
USDC,40000.0,WBTC,0.35593709,2025-09-25T09:31:11.000Z,0x6d88a2ab98caf7f2a46a0a4fb6b2947cece644298aa95e93f242af20208addcf,matched,USDC,40000.0,WBTC,0.35593709,2025-09-25T16:31:11.000Z,0x6d88a2ab98caf7f2a46a0a4fb6b2947cece644298aa95e93f242af20208addcf
ETH,2.3006018186,AETHWETH,2.3043033494,2025-09-22T06:30:59.000Z,0xb1d6a8eb67b5eb0766f0494b7c0f5e5a622b6632417d89a7758e3d3484036dfe,matched,ETH,2.3,AETHWETH,2.30430335,2025-09-22T13:30:59.000Z,0xb1d6a8eb67b5eb0766f0494b7c0f5e5a622b6632417d89a7758e3d3484036dfe
USDC,10000.0,ETH,2.3787141222,2025-09-22T06:29:47.000Z,0x2173c91ea948817c8afc1d310031d206101e1b254d5b1b36c626880ef3a1b7e6,matched,USDC,10000.0,ETH,2.37871412,2025-09-22T13:29:47.000Z,0x2173c91ea948817c8afc1d310031d206101e1b254d5b1b36c626880ef3a1b7e6
AETHWETH,16.9999983442,ETH,17.0,2025-09-19T15:36:23.000Z,0xbdea2f21d8a35764c0954cfd1fb673444953d9bcd5b3d1f02f4466667104a40c,matched,AETHWETH,17.0,ETH,17.0,2025-09-19T22:36:23.000Z,0xbdea2f21d8a35764c0954cfd1fb673444953d9bcd5b3d1f02f4466667104a40c
WETH,17.0,AETHWETH,17.0000027814,2025-09-19T15:35:23.000Z,0x22dd7c2eeda79f18c0c6d67390db7ce28f24d4550824c959e897dd6f7fff3ca7,matched,WETH,17.0,AETHWETH,17.00000278,2025-09-19T22:35:23.000Z,0x22dd7c2eeda79f18c0c6d67390db7ce28f24d4550824c959e897dd6f7fff3ca7
AETHWETH,16.9964966256,WETH,17.0,2025-09-19T15:32:59.000Z,0xe40ed05cd79b16d44e678c43fe2bdc6523d61bc81c72c8bf2b0704e6c1c4ba19,matched,AETHWETH,16.99649663,WETH,17.0,2025-09-19T22:32:59.000Z,0xe40ed05cd79b16d44e678c43fe2bdc6523d61bc81c72c8bf2b0704e6c1c4ba19
ETH,3.2400304274,AETHWETH,3.2409496431,2025-09-18T05:01:59.000Z,0x76aba59f858294aaa4796158e3bb1fe80ff3f6b1f2aae90d8b6961b6c43703bc,matched,ETH,3.24,AETHWETH,3.24094964,2025-09-18T12:01:59.000Z,0x76aba59f858294aaa4796158e3bb1fe80ff3f6b1f2aae90d8b6961b6c43703bc
ETH,15.9002840323,AETHWETH,15.9019973195,2025-09-17T19:22:11.000Z,0x0e74d4a885d864ba1c6ff7961bb5dafdee5da62cbb5a3557639d57936aafbebd,matched,ETH,15.9,AETHWETH,15.90199732,2025-09-18T02:22:11.000Z,0x0e74d4a885d864ba1c6ff7961bb5dafdee5da62cbb5a3557639d57936aafbebd
AETHUSDC,471630.862838,USDC,471685.691924,2025-09-17T13:37:35.000Z,0x5f8fd9d29dba55f3d32b7a3179ad97cd0089113ec476bb05c41d2a554b4d560d,matched,AETHUSDC,471630.862838,USDC,471685.691924,2025-09-17T20:37:35.000Z,0x5f8fd9d29dba55f3d32b7a3179ad97cd0089113ec476bb05c41d2a554b4d560d
USDC,471630.862839,AETHUSDC,471630.862838,2025-09-16T15:17:35.000Z,0x6352f53337fc2b61c203eef67970fca1de314b5aff994ea35a6e5865da017ebd,matched,USDC,471630.862839,AETHUSDC,471630.862838,2025-09-16T22:17:35.000Z,0x6352f53337fc2b61c203eef67970fca1de314b5aff994ea35a6e5865da017ebd
ETH,37.5003519646,AETHWETH,37.5,2025-09-16T15:14:11.000Z,0x53bcb24cacd5fd74af27da0453e814fad8280246bdd8203e0809ca4a2f0ebbe9,matched,ETH,37.5,AETHWETH,37.5,2025-09-16T22:14:11.000Z,0x53bcb24cacd5fd74af27da0453e814fad8280246bdd8203e0809ca4a2f0ebbe9
AETHWETH,37.6254998617,ETH,37.6255185454,2025-09-16T13:22:59.000Z,0xf8be37958b294c70fa476c73c8cffecc2ff36268445873cbcaff84a333792bb3,matched,AETHWETH,37.62551855,ETH,37.62551855,2025-09-16T20:22:59.000Z,0xf8be37958b294c70fa476c73c8cffecc2ff36268445873cbcaff84a333792bb3
ETH,0.6850591227,AETHWETH,0.6850483884,2025-09-14T16:14:47.000Z,0x622db6b623f27469dc84318e38d02d4becd6c0f3839e768265aac8f2f7b744c6,matched,ETH,0.685,AETHWETH,0.68504839,2025-09-14T23:14:47.000Z,0x622db6b623f27469dc84318e38d02d4becd6c0f3839e768265aac8f2f7b744c6
USDC,3000.966551,ETH,0.6514696431,2025-09-14T16:12:59.000Z,0x228b3af939b7207c7ebb5c3ed1a5f87cd4dbd4cb1426ee73bde1086aab2ed057,matched,USDC,3000.966551,ETH,0.65146964,2025-09-14T23:12:59.000Z,0x228b3af939b7207c7ebb5c3ed1a5f87cd4dbd4cb1426ee73bde1086aab2ed057
AETHWETH,3.4999984396,ETH,3.5,2025-09-14T15:48:23.000Z,0x8b66f98222533c62ee3dbb98660f78be7a6ead613c5d57724e4a59c0575ecc06,matched,AETHWETH,3.5,ETH,3.5,2025-09-14T22:48:23.000Z,0x8b66f98222533c62ee3dbb98660f78be7a6ead613c5d57724e4a59c0575ecc06
ETH,7.0500281947,AETHWETH,7.0531684456,2025-09-14T15:47:35.000Z,0x430967227a28fed3b93e4ddba8d70cfcac7284f4f80cf88697dba6becb0f5605,matched,ETH,7.05,AETHWETH,7.05316845,2025-09-14T22:47:35.000Z,0x430967227a28fed3b93e4ddba8d70cfcac7284f4f80cf88697dba6becb0f5605
ENA,39027.895367117,USDC,28652.182481,2025-09-14T15:26:59.000Z,0xc08e04a0bd0cd213f959c5f0f76adcac41c5b3114c4a5f0a934c78adff8f905d,matched,ENA,39027.89536712,USDC,28652.182481,2025-09-14T22:26:59.000Z,0xc08e04a0bd0cd213f959c5f0f76adcac41c5b3114c4a5f0a934c78adff8f905d
ETHFI,20610.6069573873,USDC,29841.494754,2025-09-14T15:24:11.000Z,0x375c8216ebe8b6e4c5060c2bff58cf570465425e1616e51d3b45fe9304f9769c,matched,ETHFI,20610.60695739,USDC,29841.494754,2025-09-14T22:24:11.000Z,0x375c8216ebe8b6e4c5060c2bff58cf570465425e1616e51d3b45fe9304f9769c
AAVE,107.1802958544,ETH,7.0589346536,2025-09-14T15:21:47.000Z,0x8b84a477825a237bff456cc0328432413ac8f4d301bfa61f11bf5cea57ad6069,matched,AAVE,107.18029585,ETH,7.05893465,2025-09-14T22:21:47.000Z,0x8b84a477825a237bff456cc0328432413ac8f4d301bfa61f11bf5cea57ad6069
ETH,7.0001538325,USDC,33018.944983,2025-09-13T09:05:35.000Z,0xea33e51d6f6539725449de5fd1a00d8c9eb7109c8603a19634a3bcb7fbeea05f,matched,ETH,7.0,USDC,33018.944983,2025-09-13T16:05:35.000Z,0xea33e51d6f6539725449de5fd1a00d8c9eb7109c8603a19634a3bcb7fbeea05f
AETHWETH,6.9999909847,ETH,7.0,2025-09-13T09:04:35.000Z,0x7d6bfeba20bc842ed787a24626df45f3bf591f8d2143bccefd861b4cb130f1a4,matched,AETHWETH,7.0,ETH,7.0,2025-09-13T16:04:35.000Z,0x7d6bfeba20bc842ed787a24626df45f3bf591f8d2143bccefd861b4cb130f1a4
ETH,7.0001657079,USDC,33013.439991,2025-09-13T09:03:11.000Z,0xbdae5f257e3573dc5a05059e6aba32b8d4be9f50c66f79de3c6a423775f2ceac,matched,ETH,7.0,USDC,33013.439991,2025-09-13T16:03:11.000Z,0xbdae5f257e3573dc5a05059e6aba32b8d4be9f50c66f79de3c6a423775f2ceac
AETHWETH,6.9999947284,ETH,7.0,2025-09-13T08:59:59.000Z,0xdf20d43fdbd2560369cb417779a0ae74d6ae6c3f2db667dd4585ede048bb7dfc,matched,AETHWETH,7.0,ETH,7.0,2025-09-13T15:59:59.000Z,0xdf20d43fdbd2560369cb417779a0ae74d6ae6c3f2db667dd4585ede048bb7dfc
ETH,7.0001750423,USDC,33008.046009,2025-09-13T08:58:47.000Z,0x0be8c9e0411335b20b1931bd6c8814c4c84e5f9033a4c811ddd15dd3096cb700,matched,ETH,7.0,USDC,33008.046009,2025-09-13T15:58:47.000Z,0x0be8c9e0411335b20b1931bd6c8814c4c84e5f9033a4c811ddd15dd3096cb700
AETHWETH,6.9430512866,ETH,7.0,2025-09-13T08:57:35.000Z,0x43c9763377126441772b671072c72950dc17fcaaa05522325dcf42702589aa9a,matched,AETHWETH,7.0,ETH,7.0,2025-09-13T15:57:35.000Z,0x43c9763377126441772b671072c72950dc17fcaaa05522325dcf42702589aa9a
USDC,29997.0,ENA,39027.895367117,2025-09-13T08:51:47.000Z,0x78a61d21644ecb7a1deead1a9aca6182e62d375aec792b737361a5d8567f60ed,matched,USDC,29997.0,ENA,39027.89536712,2025-09-13T15:51:47.000Z,0x78a61d21644ecb7a1deead1a9aca6182e62d375aec792b737361a5d8567f60ed
USDC,15000.0,ETHFI,10256.3674885277,2025-09-13T08:46:47.000Z,0xda6a53b95f0b58096169566a3102e84b1502fbfa46ec9fbc566ea7242530fe1a,matched,USDC,15000.0,ETHFI,10256.36748853,2025-09-13T15:46:47.000Z,0xda6a53b95f0b58096169566a3102e84b1502fbfa46ec9fbc566ea7242530fe1a
USDC,15000.0,ETHFI,10354.2394688596,2025-09-13T08:46:11.000Z,0xe084ab2a324c3467f22c1e7fc055805603f6da6dfba969042589d12dedcd4583,matched,USDC,15000.0,ETHFI,10354.23946886,2025-09-13T15:46:11.000Z,0xe084ab2a324c3467f22c1e7fc055805603f6da6dfba969042589d12dedcd4583
ETH,22.8745464122,AETHWETH,22.8743713951,2025-08-29T12:29:11.000Z,0xe719a4fcb682c1820675f9fc7a5eade370085f628f8a7cb71201d75a2ef1cf6c,matched,ETH,22.87435016,AETHWETH,22.8743714,2025-08-29T19:29:11.000Z,0xe719a4fcb682c1820675f9fc7a5eade370085f628f8a7cb71201d75a2ef1cf6c
USDC,100000.0,ETH,22.8455124691,2025-08-29T12:21:47.000Z,0x3274ff3c6afe935df96a291c6547b5f61c62b5d9e6876948f9938c116b36b987,matched,USDC,100000.0,ETH,22.84551247,2025-08-29T19:21:47.000Z,0x3274ff3c6afe935df96a291c6547b5f61c62b5d9e6876948f9938c116b36b987
AETHWETH,0.0299965865,ETH,0.03,2025-08-29T12:17:59.000Z,0xe5bdc5682afd0c27d1921e1ce9f7da0a529ad65a1d05882d89d7f795a2d115ba,matched,AETHWETH,0.03,ETH,0.03,2025-08-29T19:17:59.000Z,0xe5bdc5682afd0c27d1921e1ce9f7da0a529ad65a1d05882d89d7f795a2d115ba
ETH,49.0615520705,AETHWETH,49.0613180321,2025-08-29T12:16:11.000Z,0x2fd4ac08dfa4d3e4c1f8f2051750fd420cbb28edaec5c038ec5ba75981965005,matched,ETH,49.06131803,AETHWETH,49.06131803,2025-08-29T19:16:11.000Z,0x2fd4ac08dfa4d3e4c1f8f2051750fd420cbb28edaec5c038ec5ba75981965005
ETH,7.500384845,AAVE,107.1802958544,2025-08-28T13:31:11.000Z,0x9a8a53dc1aec60952eaf5cdd54d90d65b418ebed4f2dd22f0190c30f118a3777,matched,ETH,7.5,AAVE,107.18029585,2025-08-28T20:31:11.000Z,0x9a8a53dc1aec60952eaf5cdd54d90d65b418ebed4f2dd22f0190c30f118a3777
USDC,65.404831,ETH,0.0142895987,2025-08-27T01:28:59.000Z,0xffc0c695ea19ea108a90b942b05f4a1d203085a61bb48d0b668371680e0fcc1d,matched,USDC,65.404831,ETH,0.0142896,2025-08-27T08:28:59.000Z,0xffc0c695ea19ea108a90b942b05f4a1d203085a61bb48d0b668371680e0fcc1d
COMP,306.3863941631,ETH,2.9721392318,2025-08-27T01:26:59.000Z,0x0e258955646b0e65c174ecdb6897f5f72b018e357cefbd1267a004254521cdab,matched,COMP,306.38639416,ETH,2.97213923,2025-08-27T08:26:59.000Z,0x0e258955646b0e65c174ecdb6897f5f72b018e357cefbd1267a004254521cdab
AETHWETH,59.9664950656,ETH,59.9665202556,2025-08-27T01:25:47.000Z,0xbdc4a802ececd00dd9aa12f52caac46babff45de7869c9c725b31cd756cbcdfd,matched,AETHWETH,59.96652026,ETH,59.96652026,2025-08-27T08:25:47.000Z,0xbdc4a802ececd00dd9aa12f52caac46babff45de7869c9c725b31cd756cbcdfd
AAVE,7.0476578052,ETH,0.5095498834,2025-08-27T01:11:35.000Z,0xa26ed04bf7a0d0cb5382eb0d86abc8fc393416b7ff92c0684debb6afe08f21a5,matched,AAVE,7.04765781,ETH,0.50954988,2025-08-27T08:11:35.000Z,0xa26ed04bf7a0d0cb5382eb0d86abc8fc393416b7ff92c0684debb6afe08f21a5
AAVE,114.1568144399,USDC,37600.0,2025-08-27T01:07:59.000Z,0xc91169667852d008bbefc8af16eb5ef8c20f74cf6b1f4bc1b7adf5471b369d4e,matched,AAVE,114.15681444,USDC,37600.0,2025-08-27T08:07:59.000Z,0xc91169667852d008bbefc8af16eb5ef8c20f74cf6b1f4bc1b7adf5471b369d4e
ETH,5.1301976638,AETHWETH,5.1301673614,2025-08-26T01:29:59.000Z,0xeb538a76e4de3c0c1179b3e11adf2a159e620dcc9a82f2f5680da5e4bdc5170b,matched,ETH,5.13,AETHWETH,5.13016736,2025-08-26T08:29:59.000Z,0xeb538a76e4de3c0c1179b3e11adf2a159e620dcc9a82f2f5680da5e4bdc5170b
USDC,22500.0,ETH,5.114849711,2025-08-26T01:28:59.000Z,0x9da02358238e75fe1dbcd4595afbf73bb4e06987d2d8bf83a1d41a09410106d4,matched,USDC,22500.0,ETH,5.11484971,2025-08-26T08:28:59.000Z,0x9da02358238e75fe1dbcd4595afbf73bb4e06987d2d8bf83a1d41a09410106d4
ETH,6.2302064957,AETHWETH,6.2829124398,2025-08-26T00:39:47.000Z,0xff03cb0eb0d37353c40ae164802b53b17fb8553538d15e58e29a4feb79f50a82,matched,ETH,6.23,AETHWETH,6.28291244,2025-08-26T07:39:47.000Z,0xff03cb0eb0d37353c40ae164802b53b17fb8553538d15e58e29a4feb79f50a82
ETH,3.1504407453,AETHWETH,3.1844621563,2025-08-14T11:29:35.000Z,0x280360dff0f1ebe9aa46afb2b6b5540099ad5a7f51fdbd4af6d4feae8f917f5d,matched,ETH,3.15,AETHWETH,3.18446216,2025-08-14T18:29:35.000Z,0x280360dff0f1ebe9aa46afb2b6b5540099ad5a7f51fdbd4af6d4feae8f917f5d
USDC,15000.0,ETH,3.1758982475,2025-08-14T11:28:35.000Z,0x248fa20a5697e172a247a8b32930eb299a489cedf64c39a04ceaacb32729b6aa,matched,USDC,15000.0,ETH,3.17589825,2025-08-14T18:28:35.000Z,0x248fa20a5697e172a247a8b32930eb299a489cedf64c39a04ceaacb32729b6aa
USDT,17000.0,COMP,306.3863941631,2025-08-09T15:10:59.000Z,0x262eda97a571605e80f4beaa769052550cd50ad80cae664e42f3456d187ec502,matched,USDT,17000.0,COMP,306.38639416,2025-08-09T22:10:59.000Z,0x262eda97a571605e80f4beaa769052550cd50ad80cae664e42f3456d187ec502
ETH,4.2903669319,AETHWETH,4.2900195082,2025-08-06T10:33:59.000Z,0xc7cea006501f0e14113b27adc7f1d0f7b4cc82726e81468fa23ed4143b6d6492,matched,ETH,4.29,AETHWETH,4.29001951,2025-08-06T17:33:59.000Z,0xc7cea006501f0e14113b27adc7f1d0f7b4cc82726e81468fa23ed4143b6d6492
USDT,15000.0,ETH,4.1275310348,2025-08-06T10:33:11.000Z,0x4c2ce815aba93d9ab75917fa2931124f59e4175d516fa6af777c576fdbeffaea,matched,USDT,15000.0,ETH,4.12753103,2025-08-06T17:33:11.000Z,0x4c2ce815aba93d9ab75917fa2931124f59e4175d516fa6af777c576fdbeffaea
ETH,2.0003625232,AETHWETH,2.0288613392,2025-08-06T10:27:47.000Z,0xf5e3c3fe02a625a49b8676ff63b4d702069cf37171ca030b08f908499277e637,matched,ETH,2.0,AETHWETH,2.02886134,2025-08-06T17:27:47.000Z,0xf5e3c3fe02a625a49b8676ff63b4d702069cf37171ca030b08f908499277e637
COMP,486.0800261943,USDT,21372.282145,2025-08-01T01:23:35.000Z,0x576ed213710a8bb286ee5308d63255c7f3f80fc69992282023f2aef520f172c4,matched,COMP,486.08002619,USDT,21372.282145,2025-08-01T08:23:35.000Z,0x576ed213710a8bb286ee5308d63255c7f3f80fc69992282023f2aef520f172c4
ETH,31.2009660925,AETHWETH,31.200019635,2025-07-31T13:13:35.000Z,0x0567318d3b2cab8f121291806149524dcc8b2f9ebe38a12bd9c44421586e6c9c,matched,ETH,31.2,AETHWETH,31.20001964,2025-07-31T20:13:35.000Z,0x0567318d3b2cab8f121291806149524dcc8b2f9ebe38a12bd9c44421586e6c9c
USDT,120000.0,ETH,31.3168796823,2025-07-31T13:05:59.000Z,0xa7add4a53d7de10eff019e7fb58414e4568b4bb4a9a1d478fbfd0f43dcb60bd8,matched,USDT,120000.0,ETH,31.31687968,2025-07-31T20:05:59.000Z,0xa7add4a53d7de10eff019e7fb58414e4568b4bb4a9a1d478fbfd0f43dcb60bd8
ETH,41.3011856464,AETHWETH,41.3,2025-07-31T13:02:47.000Z,0x0649f4fb71284fea8d0265da963634e738cc9a1f7bc98abc842db897639f92cb,matched,ETH,41.3,AETHWETH,41.3,2025-07-31T20:02:47.000Z,0x0649f4fb71284fea8d0265da963634e738cc9a1f7bc98abc842db897639f92cb
ETH,2.9010715776,AAVE,38.5533098178,2025-07-29T12:19:11.000Z,0x96b8269644150f2705e6524738fa5321f9d45cd0c6aad1fc696cc1f5fd3617f9,matched,ETH,2.9,AAVE,38.55330982,2025-07-29T19:19:11.000Z,0x96b8269644150f2705e6524738fa5321f9d45cd0c6aad1fc696cc1f5fd3617f9
ETH,0.3489146734,COMP,27.0,2025-07-29T12:13:11.000Z,0x44f5c8133665de6ed6d822b465c072a17563c99d960adbef63ae0c5b9e2a47aa,matched,ETH,0.3498513,COMP,27.0,2025-07-29T19:13:11.000Z,0x44f5c8133665de6ed6d822b465c072a17563c99d960adbef63ae0c5b9e2a47aa
ETH,0.3008386191,COMP,23.5942718524,2025-07-29T12:11:59.000Z,0x1ee249658802ceadd795798bc3b5934d15f7b26b8980db139699d4ef96cf4c17,matched,ETH,0.3,COMP,23.59427185,2025-07-29T19:11:59.000Z,0x1ee249658802ceadd795798bc3b5934d15f7b26b8980db139699d4ef96cf4c17
ETH,0.3007669423,COMP,23.357602223,2025-07-29T12:11:11.000Z,0x13a74ab086774304d60c0c61d650998e8a11a2a804ad0d73259b8d008a5f4bf6,matched,ETH,0.3,COMP,23.35760222,2025-07-29T19:11:11.000Z,0x13a74ab086774304d60c0c61d650998e8a11a2a804ad0d73259b8d008a5f4bf6
ETH,0.3007616202,COMP,23.341613401,2025-07-29T12:10:35.000Z,0x3352311f14c00fe2dc916ed4ed6b1b9736ceb3bc629cc1bfe20823633c9df0af,matched,ETH,0.3,COMP,23.3416134,2025-07-29T19:10:35.000Z,0x3352311f14c00fe2dc916ed4ed6b1b9736ceb3bc629cc1bfe20823633c9df0af
ETH,0.3007269141,COMP,23.3561583913,2025-07-29T12:09:35.000Z,0x7968a5a6f5ce114a1f07c2be51126ef8b5b2d7f59d159320d21be9971b488215,matched,ETH,0.3,COMP,23.35615839,2025-07-29T19:09:35.000Z,0x7968a5a6f5ce114a1f07c2be51126ef8b5b2d7f59d159320d21be9971b488215
ETH,0.3006949935,COMP,23.3511848349,2025-07-29T12:08:11.000Z,0xd889497832c3e04e2ed4d840d115ef314d955edc32555adc8aa2aa03e64c9131,matched,ETH,0.3,COMP,23.35118483,2025-07-29T19:08:11.000Z,0xd889497832c3e04e2ed4d840d115ef314d955edc32555adc8aa2aa03e64c9131
ETH,0.3006806949,COMP,23.3511473603,2025-07-29T12:07:35.000Z,0x1c56c755582af5833957eda8b9c0c8686871279721f7075f61499fb723b396a8,matched,ETH,0.3,COMP,23.35114736,2025-07-29T19:07:35.000Z,0x1c56c755582af5833957eda8b9c0c8686871279721f7075f61499fb723b396a8
ETH,0.3006972316,COMP,23.3598270867,2025-07-29T12:06:47.000Z,0x8fb278b3d2dc1ed919053e0a3976fe541bb83d4cc572eebb4064836b05492aa6,matched,ETH,0.3,COMP,23.35982709,2025-07-29T19:06:47.000Z,0x8fb278b3d2dc1ed919053e0a3976fe541bb83d4cc572eebb4064836b05492aa6
ETH,0.3010821097,COMP,23.3282403912,2025-07-29T12:05:47.000Z,0x1ece89d0d87c2ab106d4209f18bdca03c4628aaa5406204e02f79e71e2eb417a,matched,ETH,0.3,COMP,23.32824039,2025-07-29T19:05:47.000Z,0x1ece89d0d87c2ab106d4209f18bdca03c4628aaa5406204e02f79e71e2eb417a
ETH,0.3007026497,COMP,23.3658749494,2025-07-29T12:04:11.000Z,0xa32f912b8694917f223f0638843b3fc3ae7bc63770a1b272aea4e10b89ac929c,matched,ETH,0.3,COMP,23.36587495,2025-07-29T19:04:11.000Z,0xa32f912b8694917f223f0638843b3fc3ae7bc63770a1b272aea4e10b89ac929c
ETH,0.300704116,COMP,23.3363216487,2025-07-29T12:03:23.000Z,0x6732502ef0c02412dce36d90eab467b46b4781fc5e569d04ae2df6a366214c57,matched,ETH,0.3,COMP,23.33632165,2025-07-29T19:03:23.000Z,0x6732502ef0c02412dce36d90eab467b46b4781fc5e569d04ae2df6a366214c57
ETH,0.3007401172,COMP,23.3504457448,2025-07-29T12:02:11.000Z,0x704570d789eb1b69ffd2aa90185832ef5a305862cf71916a5a7bdebe9a82eaa5,matched,ETH,0.3,COMP,23.35044574,2025-07-29T19:02:11.000Z,0x704570d789eb1b69ffd2aa90185832ef5a305862cf71916a5a7bdebe9a82eaa5
ETH,0.3006494165,COMP,23.3519486447,2025-07-29T12:00:59.000Z,0x3e5ff00de31aa31dc6f7094836e57592bbffe1a8c5a042fe655af5c0a6c6d724,matched,ETH,0.3,COMP,23.35194864,2025-07-29T19:00:59.000Z,0x3e5ff00de31aa31dc6f7094836e57592bbffe1a8c5a042fe655af5c0a6c6d724
ETH,0.3006153745,COMP,23.3324666418,2025-07-29T11:59:47.000Z,0x1ed47eaf0d58783789757a70c6ea01ac467d29545be44af7798c59342842c19f,matched,ETH,0.3,COMP,23.33246664,2025-07-29T18:59:47.000Z,0x1ed47eaf0d58783789757a70c6ea01ac467d29545be44af7798c59342842c19f
ETH,0.5005970187,COMP,38.7191437564,2025-07-29T11:58:23.000Z,0xb3c1002611142b65fd0513c822e3746f548834e16bef861b68e2f698d921b359,matched,ETH,0.5,COMP,38.71914376,2025-07-29T18:58:23.000Z,0xb3c1002611142b65fd0513c822e3746f548834e16bef861b68e2f698d921b359
ETH,0.5007661857,COMP,38.7737260005,2025-07-29T11:38:59.000Z,0xd5a39108b299c73a5eb1dcae5f03f4a26ca7ff50c236110d3f016dd73a330c97,matched,ETH,0.5,COMP,38.773726,2025-07-29T18:38:59.000Z,0xd5a39108b299c73a5eb1dcae5f03f4a26ca7ff50c236110d3f016dd73a330c97
ETH,0.2108153179,AAVE,2.8,2025-07-29T11:37:47.000Z,0x632953b3ecfcc96bdc636825ae6b3dc01640d22b93427f8493ddcd27f9fc9068,matched,ETH,0.21146926,AAVE,2.8,2025-07-29T18:37:47.000Z,0x632953b3ecfcc96bdc636825ae6b3dc01640d22b93427f8493ddcd27f9fc9068
ETH,3.0003686582,AAVE,39.9231978271,2025-07-29T11:35:59.000Z,0x814c62e06d9eee5d34af10666c6e094997440087000925c63d4b0e14f546340d,matched,ETH,3.0,AAVE,39.92319783,2025-07-29T18:35:59.000Z,0x814c62e06d9eee5d34af10666c6e094997440087000925c63d4b0e14f546340d
ETH,0.500600919,COMP,38.8118247131,2025-07-29T11:34:59.000Z,0xed8ecee8e8720e6beedf2aaf69d763b353cbc77bcc7fbde4f970ece07315a0cc,matched,ETH,0.5,COMP,38.81182471,2025-07-29T18:34:59.000Z,0xed8ecee8e8720e6beedf2aaf69d763b353cbc77bcc7fbde4f970ece07315a0cc
ETH,3.0003943467,AAVE,39.9279646003,2025-07-29T11:33:47.000Z,0xf062525ec3984f1a7c666f0ae5ae21658cdaf56268c63b7cc2f6a8f3be0ad704,matched,ETH,3.0,AAVE,39.9279646,2025-07-29T18:33:47.000Z,0xf062525ec3984f1a7c666f0ae5ae21658cdaf56268c63b7cc2f6a8f3be0ad704
ETH,0.5007627553,COMP,38.9982285542,2025-07-29T11:32:35.000Z,0x5186fde99e338e15ba2fe2e28b14c79c2db3b3d3da2eacc5e82eb91864ecbc60,matched,ETH,0.5,COMP,38.99822855,2025-07-29T18:32:35.000Z,0x5186fde99e338e15ba2fe2e28b14c79c2db3b3d3da2eacc5e82eb91864ecbc60
,,,,,,not in koinly,AAVE,121.20447225,AETHAAVE,121.20447225,2025-08-06T17:29:59.000Z,0x37922bba713b067f36d9b4928876f0bf740948b8fca1d7ba287f4c8daf7cb8aa
,,,,,,not in koinly,AETHAAVE,121.20447225,AAVE,121.20447225,2025-08-27T08:05:35.000Z,0xae9818fadc8a653f2e0156a4a42c8efd9d259b07ae5c5f2be2753e9bddaa0957
,,,,,,not in koinly,AAVE,107.18029585,AETHAAVE,107.18029585,2025-08-29T19:17:23.000Z,0x11f92683a4a0cbb359c908632eb4b6d7c6c319f11a5d68db6b7d51005f97a3b5
,,,,,,not in koinly,AETHAAVE,107.18029585,AAVE,107.18029585,2025-08-29T20:07:35.000Z,0x3451292d66398f6d530f3114426d5d07d593ba97ef155740afc5e6d628523d9c
,,,,,,not in koinly,USDC,10000.0,CSUSDC,9522.18849925,2025-11-01T13:48:23.000Z,0x5e56c3fc18964eb1860023a6011d1037dd5e70f2365327ba4a6a6253d25d077c
,,,,,,not in koinly,CSUSDC,9522.18849925,USDC,10000.042595,2025-11-01T14:08:23.000Z,0x84f7385a000dcc6b312686efffba5ceb61f0d34e11ef83aa4d5e78c7129a266f
,,,,,,not in koinly,USDC,10000.042595,REUSDC,9154.91975651,2025-11-01T14:22:23.000Z,0x4b5dc0f4774e668a328fe37937ce72e0d4d9c2743e0f9b46aea4b75cd1df5550
,,,,,,not in koinly,USDC,10.0,FUSDC,8.528689,2025-11-01T14:48:35.000Z,0x0f86354590cf39d9ec769ee562e65cc44b7dc0bffa4ae6f59e75ee2f22a29bea
,,,,,,not in koinly,USDC,19990.0,FUSDC,17048.833262,2025-11-01T14:55:47.000Z,0x78fd3dea53b79c491fee805fc6b6d44dc8d0119a28e6da22902755cb77ebb05b
,,,,,,not in koinly,USDC,10000.0,CSUSDC,9522.04161622,2025-11-01T15:00:35.000Z,0xa43011a4eaf54ef2ac113d024e01cb540ed8a20de966707cc2df3e0c39b4bb49
,,,,,,not in koinly,USDC,30000.0,USUALUSDC+,26813.31145631,2025-11-01T15:09:59.000Z,0x3c9505db46def379b90ae4c720376bf75ac9ee45349887dd78353bf7ab3e9034
,,,,,,not in koinly,USDC,15000.0,CSUSDC,14278.49753821,2025-11-02T17:31:47.000Z,0x56d98c12aeadd2d9a59d985d63b3548815a0aa7302f4e550f2bc865e5bc52422
,,,,,,not in koinly,USDC,15000.0,REUSDC,13728.50711389,2025-11-02T17:36:59.000Z,0x6dcf59c186a792c085b26b46017d51da86b4d02f6075e98db2b791097b15de6c
,,,,,,not in koinly,USUALUSDC+,26813.31145631,USDC,30013.126114,2025-11-03T16:09:59.000Z,0x4c934e0ed807bd047b84fb079dde20dc04f068032c0b5a63d9b4e760f04ea11d
,,,,,,not in koinly,USDC,30000.0,HYPERUSDC,28571.14318448,2025-11-03T17:47:23.000Z,0x6c0c63d92256bd775eb7c6d94b229918371b9054ee9b89602851bddb462a6746
,,,,,,not in koinly,CSUSDC,23800.53915443,USDC,25015.342951,2025-11-04T10:35:47.000Z,0xc140e08282c4c4469de8e8115edbba3cd5d0126868555f2063cd97d6148f9304
,,,,,,not in koinly,USDC,25015.342951,REUSDC,22882.9004131,2025-11-04T10:39:35.000Z,0x154472625029bac1c50aff387a5f31713727e80606ef1ec598d94a1a4bee7415
,,,,,,not in koinly,REUSDC,45766.32728351,USDC,50037.255445,2025-11-04T16:26:11.000Z,0x9666952fe4ffbfd1b5d85c13ac5facde35339d0a307492357ad4af0b9bd0fe7d
,,,,,,not in koinly,HYPERUSDC,23473.43498854,USDC,24657.204921,2025-11-04T16:44:23.000Z,0x79923c119ddc064cce9a00188b68f28f303a5163f7e693367aca9be845b5cd2f
,,,,,,not in koinly,HYPERUSDC,5097.70819593,USDC,5354.830234,2025-11-04T16:56:23.000Z,0x2865f6685cdbef5835f50b494a5d51d4db8121057c4a2ebc4b78289f51c880ba
,,,,,,not in koinly,IUSD,20000.0,PT-IUSD-4DEC2025,20175.03082555,2025-11-08T16:37:35.000Z,0xd21452407fe790f54e927390943f6b72b5207af4a25f986a843b00279f5f7a2f
,,,,,,not in koinly,CUSD,999.00000999,STCUSD,969.37758794,2025-11-09T13:51:11.000Z,0xed6119cba10a0bda9789a923cc20bbd819f3a6363858c3b364b1fab242c6e881
,,,,,,not in koinly,USDC,29000.0,STCUSD,28111.8132308,2025-11-09T14:03:59.000Z,0x0b59c1f00a7b4bdab5d9fed64a4f706aef0160281e29116292693aeae107944b
,,,,,,not in koinly,STCUSD,29081.19081875,PT-STCUSD-29JAN2026,30803.40151732,2025-11-09T14:12:35.000Z,0x1429d82f88139cf5963480e6b9bad4c39becd493cc30afcac151359af252fe45
,,,,,,not in koinly,NBASIS,16823.690853,PT-NBASIS-26MAR2026,18409.244648,2025-11-09T21:02:35.000Z,0xa11ebc70485a87516c7aa355aa843a783c673f49c1d2642150c693a4b9a8d449
,,,,,,not in koinly,PT-STCUSD-29JAN2026,30803.40151732,USDC,22000.0,2025-11-10T09:24:47.000Z,0x5277d53dae3425540783a88de9bfa17a940008e1b5d18a3daa15e7bcf8f1604e
,,,,,,not in koinly,USDC,22000.0005,STCUSD,21318.49741347,2025-11-10T09:26:59.000Z,0xa3986971b572a96194d379fa4d358889bb2c391b0302ff7f78c7658b801f5b21
,,,,,,not in koinly,STCUSD,21318.49741347,PT-STCUSD-29JAN2026,22634.61620617,2025-11-10T09:29:59.000Z,0x336db1279ff549caeb8884e17a42088ef17923e11ab4408bc7aefce1cd370564
,,,,,,not in koinly,PT-STCUSD-29JAN2026,22634.61620617,USDC,20000.0,2025-11-10T09:45:47.000Z,0xe09119fcc03ebf3324ffe9e6c15e4c6f6a1f0a91238f65f424d9b0c7b551f2e8
,,,,,,not in koinly,USDC,20000.0,STCUSD,19380.370648,2025-11-10T09:49:35.000Z,0xb2b375b30f566dfabfa0aecb3c9894b6fd9829a933e1ce31f80b4cb28c4d87e9
,,,,,,not in koinly,STCUSD,19380.370648,PT-STCUSD-29JAN2026,20574.60494435,2025-11-10T09:51:59.000Z,0xaf0cdf9711a43648f1a9bb2e9883eb4437ece3e257e3a8278e90d025182523d9
,,,,,,not in koinly,PT-STCUSD-29JAN2026,20574.60494435,USDC,10000.0,2025-11-10T09:54:23.000Z,0xd1d23f761250cc45bde441b7326da16ccf22dd32baf1663b6ecb6cb06edb5a89
,,,,,,not in koinly,USDC,10000.0,STCUSD,9690.17276742,2025-11-10T09:56:35.000Z,0xd32201221404603e74806a81c83f93055ae48ab1a0a7db32d1d56553e009533b
,,,,,,not in koinly,STCUSD,9690.17276742,PT-STCUSD-29JAN2026,10286.81402649,2025-11-10T09:57:59.000Z,0xfb36ecb50aa95550ceccf37dd081f9336778d49cf349828cc49ae0ba8eab1e84
,,,,,,not in koinly,PT-IUSD-4DEC2025,20175.03082555,USDC,16500.0,2025-11-10T12:52:59.000Z,0x53f7d9c7c4b6cc6a9e8f5881e6f138367b68b6871e0da723ca7dbef9ba56afe0
,,,,,,not in koinly,IUSD,16500.0,PT-IUSD-4DEC2025,16630.672809,2025-11-10T12:59:23.000Z,0x7f8148c60d1a725442a9cc2922e3069fa6f21a73e0ff6aa139a130129600e296
,,,,,,not in koinly,PT-IUSD-4DEC2025,16630.672809,USDC,10000.0,2025-11-10T13:02:35.000Z,0x07f33e5393a5069caabc235e58c9847a07139a77c5ae48300e096c5c5baad176
,,,,,,not in koinly,IUSD,10000.0,PT-IUSD-4DEC2025,10079.15535043,2025-11-10T13:05:35.000Z,0xf4e69e048660d2647a0ab8c1891a3b62a553760967fdd71458f8c7fa03d12d36
,,,,,,not in koinly,PT-IUSD-4DEC2025,10079.15535043,USDC,8000.0,2025-11-10T13:07:23.000Z,0xfa71c5cf8608ba6ccc5e1378dee38d26ae5077fd85899832ca74427d43e1b053
,,,,,,not in koinly,IUSD,8000.0,PT-IUSD-4DEC2025,8063.27413934,2025-11-10T13:10:35.000Z,0xf78c2b36c812d9bb11f633bf2dbfc19e50e5f7a2de3839c46db00d0beb5c14d8
,,,,,,not in koinly,USDE,40025.60632172,AETHUSDE,40025.60632172,2025-11-12T21:02:35.000Z,0x4ec49e0ffeb4cbb2a1ca000a14876eca4f7b4bfacb94b4a091897e57d8c93663
,,,,,,not in koinly,AETHUSDE,40025.60632172,USDE,40025.67354853,2025-11-12T21:32:11.000Z,0x3385f3b0145e7c3fa77cad154918169511706dc982a8695e35e31fbd2f0877b0
,,,,,,not in koinly,USDE,20012.5,PT-USDE-27NOV2025,20063.90678973,2025-11-12T21:38:11.000Z,0x0c96c951bd298fb45fc9781d3be0aca938177a5ca9c3f44bce7010cc8b50e3d2
,,,,,,not in koinly,USDE,20013.17354853,PT-USDE-27NOV2025,20064.14125304,2025-11-12T21:41:23.000Z,0x50a1b7751bd4301e5148209b63ea30a1b2de09873c241ba4322dfcadbdce21ea
,,,,,,not in koinly,USDC,100.0,PT-CUSDO-20NOV2025,100.22550163,2025-11-14T09:10:23.000Z,0xa861b17370f03291326bb33c9e69a2c28937f9b4e1966f3594b231f7d0d6e6fd
,,,,,,not in koinly,USDC,30000.0,SIUSD,28855.96974906,2025-11-15T11:53:59.000Z,0x11ecd2dff02a4594d83be4c8cd71a63cae85c59957266afc10b75c128f75bdef
,,,,,,not in koinly,SIUSD,28855.969749,LIUSD-1W,26340.34514526,2025-11-15T11:59:11.000Z,0xba8d622aaee3a3dc46350eeba9d254dab7e9bd746ddfbcc640d8573695f0be68
,,,,,,not in koinly,PT-NBASIS-26MAR2026,1.0,NBASIS,0.914029,2025-11-16T20:36:11.000Z,0xcadc030d702d033efb98afae3f7f895c4e8b14a20ad96b2eacbad3cef7753d23
,,,,,,not in koinly,USDC,25000.955124,PT-SYRUPUSDC-18DEC2025,25148.864992,2025-11-16T20:54:47.000Z,0x73255f6143ea87c6b5f691c708fcb55a7d13dda65c8b5918b1aed8f372aff500
,,,,,,not in koinly,USDC,20000.0,PT-REUSDE-18DEC2025,20370.30883211,2025-11-17T10:11:59.000Z,0x4cf28c2be278f6ea470ef79cf9029144b964479e86891d5c34d5b5f0d21b66cc
,,,,,,not in koinly,USDC,20000.0,PT-STCUSD-29JAN2026,20446.46006807,2025-11-18T17:57:11.000Z,0x7c9a174a1ae99c238d29f983de595a3d6d748c01aa62b30d669d8d4704166f72
,,,,,,not in koinly,PT-STCUSD-29JAN2026,20446.46006807,USDC,25000.0,2025-11-18T18:00:47.000Z,0xf6252c983168ee6ce02f61d4a6d24eb75edf1b6bb1d94a6d77dbde7c8f9d5372
,,,,,,not in koinly,USDC,25000.0,PT-STCUSD-29JAN2026,25556.99197958,2025-11-18T18:02:23.000Z,0xd69cf3a6665cf1e62d3c09c6be58f8fe591a6b1dd1b8de601847274e90e606a6
,,,,,,not in koinly,PT-STCUSD-29JAN2026,25556.99197958,USDC,15000.0,2025-11-18T18:03:59.000Z,0x0f08f02cdb4b44efd59848fdf7df4f2fdc0cf6867e7956f363fd38e51fe2c6e4
,,,,,,not in koinly,USDC,15000.0,PT-STCUSD-29JAN2026,15333.80909286,2025-11-18T18:06:23.000Z,0xb79af648820b8d607bd5db722569256e820fa200a796d9d3817350d16fab0fab
,,,,,,not in koinly,AETHUSDC,1.008898,USDC,5.0,2025-11-19T16:48:47.000Z,0x340c55c41c7d650181ce8fca08fabbfb04383bc373953c2397e7d25fcda5729b
,,,,,,not in koinly,USDT,20000.0,PT-JRUSDE-15JAN2026,20474.23189067,2025-11-19T19:48:47.000Z,0xf574e8ea2acf03273daee4ad7db9695d121e9034653e9b3fae2718460df1b34a
,,,,,,not in koinly,PT-NBASIS-26MAR2026,18408.244648,NBASIS,16951.71436,2025-11-21T22:36:59.000Z,0xa6ecfd4f3933ead541eab839b8050fa5ab5087b1f41a4dca9834838a3ebfb5b5
,,,,,,not in koinly,PT-CUSDO-20NOV2025,100.22550163,PENDLE-LPT,42.35067489,2025-11-22T09:55:47.000Z,0xf8f67cab4459ad8bff7cd899d2b0aabb5fd0a9363452814bad363f236cd7c9a2
,,,,,,not in koinly,PENDLE-LPT,42.35067489,PENDLE,5.17e-06,2025-11-22T09:59:35.000Z,0xada95fbabe18a42eb75eb1893b41ae49c3600caca18f8c62da43a4dfd1f60cab
,,,,,,not in koinly,USDC,128044.891913,FUSDC,108892.609312,2025-11-22T10:33:11.000Z,0x72d2eca1f04666a79b0bbcab15085fa3d4e63b39488e74945a282377bcee439d
,,,,,,not in koinly,PT-USDE-27NOV2025,40128.04804277,AETHPT_USDE_27NOV2025,40128.04804277,2025-11-23T13:53:35.000Z,0xdc0cb1b64e8266ca4f3ea73d0a9d6b45028bd2dfd023b0bafffceb47e93dcc2b
,,,,,,not in koinly,AETHPT_USDE_27NOV2025,40128.04804277,PT-USDE-27NOV2025,40128.04804277,2025-11-23T13:54:59.000Z,0xf2845f874341396132ab88cc18a2b77a13b9754b5126ed6cd60360c39eceb7a5
,,,,,,not in koinly,USDT,20000.0,PT-NUSD-26FEB2026,20651.84875717,2025-11-25T11:16:23.000Z,0x307c9b25fb119ee0381c260d57737c5f8304815a2e491621858622b400bc77dc
,,,,,,not in koinly,NBASIS,19205.579541,PT-NBASIS-26MAR2026,20742.983681,2025-11-25T15:46:11.000Z,0x5162e7dc2710a4e7fa3b049be34e21cda76a773d0caf6a525149f12fef5980f9
,,,,,,not in koinly,USDT,9978.283933,PT-NUSD-26FEB2026,10300.25025872,2025-11-25T16:05:35.000Z,0x84794977623641af58a316368440d4de6e0c114d3edf96cad382929a2d5b5cd3
,,,,,,not in koinly,PT-USDE-27NOV2025,40128.04804277,AETHPT_USDE_27NOV2025,40128.04804277,2025-11-26T08:42:59.000Z,0x9ed972af8d96d2304a4e439771e38da42a4df9a6c3410738f8b6bb5f3622462c
,,,,,,not in koinly,AETHPT_USDE_27NOV2025,40128.04804277,PT-USDE-27NOV2025,40128.04804277,2025-11-26T08:44:11.000Z,0x135c20cb377b3504a3a30e1d41596cc192244632567f2fd425259738929b10f7
,,,,,,not in koinly,PT-USDE-27NOV2025,25128.0480428,PT-FGHO-18DEC2025,25225.07696798,2025-11-27T14:47:23.000Z,0x0372bf21cea47cdb32e406c8dddfc1aa89aebd3c84a5e298e89e17743d612f67
,,,,,,not in koinly,PT-USDE-27NOV2025,14999.99999997,PT-SRUSDE-15JAN2026,15173.11834235,2025-11-27T14:52:47.000Z,0xbee75ec91a3392f928b44e03d4e17090b1493f4fd4da31ce28e5029726dc0dc4
,,,,,,not in koinly,USDC,49999.4698,PT-FGHO-18DEC2025,50161.18199318,2025-12-01T09:42:11.000Z,0x89fc6ade82badc8f172055fc84c7bd0469086ddfbbe8db579c66410096947038
,,,,,,not in koinly,USDC,25000.0,PT-NBASIS-26MAR2026,25730.69481,2025-12-01T10:27:59.000Z,0xdd96273009c1d16b1edad01c1a84507847b029152c0a64fcdacc57bf0ef192bc
,,,,,,not in koinly,USDC,25000.0,PT-FGHO-18DEC2025,25079.06118187,2025-12-01T10:48:23.000Z,0xe92104d848fd64510c3af82db1bb067e141996cfe3aab2cb216a9945811f5f6d
,,,,,,not in koinly,SYRUPUSDC,21939.854387,PT-SYRUPUSDC-18DEC2025,25069.632675,2025-12-01T11:00:47.000Z,0x336ef2ba7492f850aad095bd7590b49a7042d0cd84cc244ad29bc007c2fbe26b
,,,,,,not in koinly,USDC,39981.100217,PT-SUSDE-5FEB2026,40493.85002126,2025-12-01T13:05:23.000Z,0x6cd5a8a711e7322326475cc3d4e529f2d88ba69286e62aeb4d8ec3721a582cc9
,,,,,,not in koinly,PT-NUSD-26FEB2026,30952.09901588,NUSD,30209.86330863,2025-12-02T22:38:11.000Z,0x853bced8146a9e15695c47a88198307a4bcd5f226d37d17376f0e56a97def826
,,,,,,not in koinly,NUSD,30209.86330863,PT-SNUSD-5MAR2026,31435.96254645,2025-12-02T22:41:35.000Z,0x00c4169ba9b62c1b4fc1f6f23cc18ddc975963f82906c55780b9ada6b6e10879
,,,,,,not in koinly,XAUT,25.053682,USDT,52500.0,2025-12-02T22:52:35.000Z,0x7e9274d2860f33ececfe0b7e6f62ad1d193bc6940b88f4e2d92404088161b1b0
,,,,,,not in koinly,NUSD,24997.36625,PT-SNUSD-5MAR2026,26010.36387596,2025-12-02T22:56:23.000Z,0x322e6c393704e2e730a62a780ea30a248810d3fc5cf083bc6a293764cd75da61
,,,,,,not in koinly,XAUT,6.812367,USDT,15000.0,2025-12-02T23:28:35.000Z,0x1ca44eda8ec2d85dda3dac3ed89cc01e7a9475e2fdc3a7689a32787bcefb2bc0
,,,,,,not in koinly,PT-IUSD-4DEC2025,10000.0,USDC,9996.440749,2025-12-04T09:11:11.000Z,0xafae3e62cfd53302b88b9e566133b5ed32a57fad1ccbbb8fe189a57c111a29cc
,,,,,,not in koinly,PT-IUSD-4DEC2025,10000.0,USDC,9996.785229,2025-12-04T09:16:35.000Z,0x3030f53033b80073f78a633f8b94b0333385b0ca5fab10681adb091177433a25
,,,,,,not in koinly,PT-IUSD-4DEC2025,14750.0,USDC,14744.59876,2025-12-04T09:23:47.000Z,0xdbd21a0ce5eebe8ab8411d3a2ff97a133b71016ed430866512b9db7d5e2d8543
,,,,,,not in koinly,PT-IUSD-4DEC2025,3.0,USDC,2.999398,2025-12-04T09:28:23.000Z,0x3f925596b121cc48f0ac4aacd40b32cc1ef5c57f18ce7598ce5dc0f57b8d10e9
,,,,,,not in koinly,USDC,2.972189,PT-IUSD-4DEC2025,20195.13312431,2025-12-04T09:30:23.000Z,0xe1b0ec0861cf68b88530d3c45a57c6e4f9ecb57533e4028e7bf598bf41c55eea
,,,,,,not in koinly,PT-IUSD-4DEC2025,20195.13312431,USDC,20189.098707,2025-12-04T09:56:35.000Z,0x7d39c25bb8d7c833ae1eb77001a459db613c6a7ec312a7157890eda570c86e6a
,,,,,,not in koinly,USDC,1000.150959,USD3,865.511256,2025-12-10T15:15:23.000Z,0xa5ecc4437f464b1e55bdb38d9dbb9073ee65a957eccae8adec7d9d88a8efda5c
,,,,,,not in koinly,USDC,15000.4596,PT-AID-29JAN2026,15271.58072706,2025-12-13T10:06:11.000Z,0x4911a620d146103565396ee432f7a2a4aebbdb5ce5d761a3d6743cdb0e623379
,,,,,,not in koinly,USDC,20000.5435,PT-NBASIS-26MAR2026,20566.594856,2025-12-14T12:08:47.000Z,0x35bbf636f25c6b75e0fb8a6a849cacb6ce0924d7cd3463c2b0354e013ba4df5f
,,,,,,not in koinly,USDC,17000.0,PT-RLP-9APR2026,17426.420923,2025-12-15T16:54:59.000Z,0x6de73fdca6227191b550aedc6030813e52b47b1b605989b8f947c44aa108bb1d
,,,,,,not in koinly,PT-FGHO-18DEC2025,100465.32014303,FGHO,92116.62255925,2025-12-18T08:26:59.000Z,0x9152b5a9628421b69182548611dee71420d20b0bf62e79225d955514427174e0
,,,,,,not in koinly,GHO,100465.32900088,FGHO,92116.5968405,2025-12-18T08:31:59.000Z,0x50fd702f929aa5a29561b0a52e8b1eaa30285e39e3aaac5c311e7c7334235713
,,,,,,not in koinly,PT-SYRUPUSDC-18DEC2025,50218.497667,SYRUPUSDC,43961.886252,2025-12-18T08:47:59.000Z,0x1bcbdb5d9da291e2cebc063b020f21e94ce212a16c8c7fc051702466935bc85c
,,,,,,not in koinly,PT-REUSDE-18DEC2025,30753.69806845,REUSDE,23791.70184529,2025-12-18T10:18:47.000Z,0x5ad25d88243410d0280860137123848dbc4b7a580158ad0dec84eaa845e513fc
,,,,,,not in koinly,FGHO,36675.00596504,GHO,40000.0,2025-12-18T14:39:23.000Z,0x0a2b2aeef9e413d78380d7ab40fe7ba09ffbc84e707d9b30257c5b9ee74265c6
,,,,,,not in koinly,PT-SUSDE-5FEB2026,40493.85002126,AETHPT_SUSDE_5FEB_2026,40493.85002126,2025-12-22T15:20:35.000Z,0xdebd817c23049a03677f601cfc63ba2ab46af539d247e7b2e6c9c2b5d346046f
,,,,,,not in koinly,AETHPT_SUSDE_5FEB_2026,40493.85002126,PT-SUSDE-5FEB2026,40493.85002126,2025-12-22T15:23:23.000Z,0xd94a07c7c9d36ca65074d39267cc69c15bbab20ea3a6aed9c93b277eb640d002
,,,,,,not in koinly,USDC,10000.0,PT-RLP-9APR2026,10249.369119,2025-12-22T18:59:35.000Z,0x27cdbdd79a41bd21bac1f23eb4935c6ae5eba386c57212c53d55d185b4bc1ba7
,,,,,,not in koinly,USDC,10000.0,PT-RLP-9APR2026,10243.83272,2025-12-22T19:01:11.000Z,0xa8d55c13bcd2c378120d06c1ff65218c7ad633bc4589aa1770c3888caee8628f
,,,,,,not in koinly,USN,9999.191944,SUSN,8694.93071396,2025-12-26T20:29:59.000Z,0xcd525891e13685beedd6d57e4db6bdb128c937b5949dbf223d91b507b31b0c40
,,,,,,not in koinly,USN,2999.072192,SUSN,2607.88322313,2025-12-26T20:33:11.000Z,0x7d298c72bf698b282e4c1d4d40054a821ed4bd575b032ef1cb993e65919b10a9
,,,,,,not in koinly,SUSN,11302.81393709,PT-SUSN-29JAN2026,13119.86233936,2025-12-26T20:35:11.000Z,0x591cf14d3facb8c282d35359ae4b095bf15da899a449d1f83a010dbd84ac39ce
,,,,,,not in koinly,USN,7004.586693,SUSN,6090.93177895,2025-12-26T20:54:47.000Z,0x9f6b8972b8ec14de197b149f4cb1a44ff4c297084d101c9893a3872f4972f7e0
,,,,,,not in koinly,SUSN,6090.93177895,PT-SUSN-29JAN2026,7069.87880073,2025-12-26T20:56:59.000Z,0x073a8bab9ed7c7de77fa4135da4f3559d6eb0ec7f8a263221b6a11c970c4c126
,,,,,,not in koinly,USDC,15000.211509,LIUSD-1W,13055.77507379,2025-12-27T11:08:11.000Z,0xa7f252c6c030cc09d2e5af883e2ed529bcf235fb35c9e00f01a250d122644055
